Country,Country Code,Indicator Name,Indicator Code,1960,1961,1962,1963,1964,1965,1966,1967,1968,1969,1970,1971,1972,1973,1974,1975,1976,1977,1978,1979,1980,1981,1982,1983,1984,1985,1986,1987,1988,1989,1990,1991,1992,1993,1994,1995,1996,1997,1998,1999,2000,2001,2002,2003,2004,2005,2006,2007,2008,2009,2010,2011,2012,2013,2014,2015,2016,2017,2018,2019,2020
Aruba,ABW,Current health expenditure (% of GDP),SH.XPD.CHEX.GD.ZS,,,,,,,,,,,,,,,,,,,,,,,,,,,,,,,,,,,,,,,,,,,,,,,,,,,,,,,,,,,,,
Afghanistan,AFG,Current health expenditure (% of GDP),SH.XPD.CHEX.GD.ZS,,,,,,,,,,,,,,,,,,,,,,,,,,,,,,,,,,,,,,,,,,,9.443390369,8.94125849,9.808473289,9.948289394,10.62276587,9.904674441,10.25649533,9.818487614,8.569671214,8.561906964,7.897175848,8.8059403,9.528870136,10.10534763,10.96198335,11.77719384,,,
Angola,AGO,Current health expenditure (% of GDP),SH.XPD.CHEX.GD.ZS,,,,,,,,,,,,,,,,,,,,,,,,,,,,,,,,,,,,,,,,,1.908599399,4.483516142,3.32946144,3.547973186,3.967200965,2.852196991,2.68553663,2.97438819,3.32290493,3.842608631,2.695100009,2.645608038,2.395749651,2.732827701,2.434128523,2.605794929,2.713149041,2.791500278,,,
Albania,ALB,Current health expenditure (% of GDP),SH.XPD.CHEX.GD.ZS,,,,,,,,,,,,,,,,,,,,,,,,,,,,,,,,,,,,,,,,,,,,,,,,,,,,,,,,,,,,,
Andorra,AND,Current health expenditure (% of GDP),SH.XPD.CHEX.GD.ZS,,,,,,,,,,,,,,,,,,,,,,,,,,,,,,,,,,,,,,,,,9.348101169,9.363031387,9.119281173,8.463995904,8.210543543,8.565982431,8.434281498,8.428402245,8.792541921,9.026736766,9.449671209,9.765893966,10.04694104,10.11211351,10.27647853,10.25271267,10.32410711,10.32055244,,,
Arab World,ARB,Current health expenditure (% of GDP),SH.XPD.CHEX.GD.ZS,,,,,,,,,,,,,,,,,,,,,,,,,,,,,,,,,,,,,,,,,3.999201046,4.302072391,4.28734255,4.13307566,3.801408647,3.489387789,3.484662283,3.572404172,3.404707026,4.457435844,3.986549078,3.936527095,4.010129973,4.228827866,4.546573946,5.103734212,4.995881524,4.857969101,,,
United Arab Emirates,ARE,Current health expenditure (% of GDP),SH.XPD.CHEX.GD.ZS,,,,,,,,,,,,,,,,,,,,,,,,,,,,,,,,,,,,,,,,,2.37413533,2.484370582,2.71770861,2.646343969,2.462043427,2.320196852,2.325413749,2.565696277,2.928477712,4.049993306,3.878745064,3.670072928,3.425204381,3.592995182,3.630209342,3.583594412,3.403416276,3.334282339,,,
Argentina,ARG,Current health expenditure (% of GDP),SH.XPD.CHEX.GD.ZS,,,,,,,,,,,,,,,,,,,,,,,,,,,,,,,,,,,,,,,,,8.466964215,8.620967716,7.64670223,7.112254202,7.228682935,7.61083886,7.550247759,7.611107081,7.672165334,9.010462463,8.613662422,8.396562934,8.457037807,8.371347189,8.258233219,8.788504452,7.544399053,9.124314785,,,
Armenia,ARM,Current health expenditure (% of GDP),SH.XPD.CHEX.GD.ZS,,,,,,,,,,,,,,,,,,,,,,,,,,,,,,,,,,,,,,,,,4.195803404,4.645626992,7.613598555,7.179374993,6.055085361,5.861882865,5.850071087,5.498145521,6.639762223,8.443779498,9.235391021,9.375878423,9.134551883,10.3234455,10.17827019,10.11763364,9.951966256,10.36270484,,,
American Samoa,ASM,Current health expenditure (% of GDP),SH.XPD.CHEX.GD.ZS,,,,,,,,,,,,,,,,,,,,,,,,,,,,,,,,,,,,,,,,,,,,,,,,,,,,,,,,,,,,,
Antigua and Barbuda,ATG,Current health expenditure (% of GDP),SH.XPD.CHEX.GD.ZS,,,,,,,,,,,,,,,,,,,,,,,,,,,,,,,,,,,,,,,,,4.48070094,5.280303955,5.42647168,5.812173337,5.257927254,4.970749468,4.669224098,4.708246514,4.393102229,4.397944734,5.187096819,5.296015739,5.191060528,5.417091027,5.252455175,4.701753706,4.357296228,4.533531889,,,
Australia,AUS,Current health expenditure (% of GDP),SH.XPD.CHEX.GD.ZS,,,,,,,,,,,,,,,,,,,,,,,,,,,,,,,,,,,,,,,,,7.613872737,7.696311921,7.893258333,7.904408127,8.109592646,7.990119606,7.989377528,8.067583293,8.255802095,8.563221991,8.4308438,8.54151994,8.675699681,8.758559823,9.038034081,9.314739704,9.196083993,9.205947816,,,
Austria,AUT,Current health expenditure (% of GDP),SH.XPD.CHEX.GD.ZS,,,,,,,,,,,,,,,,,,,,,,,,,,,,,,,,,,,,,,,,,9.203714132,9.269428998,9.3947649,9.547239542,9.709398448,9.6270293,9.531132877,9.532096982,9.72564593,10.22582501,10.22101864,10.02613306,10.19915566,10.28574929,10.36809236,10.36778986,10.41916981,10.39661691,,,
Azerbaijan,AZE,Current health expenditure (% of GDP),SH.XPD.CHEX.GD.ZS,,,,,,,,,,,,,,,,,,,,,,,,,,,,,,,,,,,,,,,,,3.893683106,3.670459241,3.684860095,5.94567433,7.194782048,7.435253263,5.761354044,4.663742706,4.052345082,5.202309042,4.767755046,4.508152604,4.9017746,5.054136738,5.467744172,6.713952124,6.663134694,6.651829183,,,
Burundi,BDI,Current health expenditure (% of GDP),SH.XPD.CHEX.GD.ZS,,,,,,,,,,,,,,,,,,,,,,,,,,,,,,,,,,,,,,,,,6.176971644,6.404843926,6.472160667,6.313277036,7.701041549,8.42371285,9.942322969,10.5808191,9.235422313,10.35021842,11.2763755,10.06997749,8.526684344,8.142555505,6.889276952,6.578569114,7.492160797,7.517570257,,,
Belgium,BEL,Current health expenditure (% of GDP),SH.XPD.CHEX.GD.ZS,,,,,,,,,,,,,,,,,,,,,,,,,,,,,,,,,,,,,,,,,7.942003757,8.105319738,8.263498545,9.105971456,9.125046432,9.006975591,8.912083507,8.948877454,9.336792678,10.13503894,9.974732995,10.13665572,10.26577801,10.36965922,10.41449532,10.28013229,10.30445471,10.33866927,,,
Benin,BEN,Current health expenditure (% of GDP),SH.XPD.CHEX.GD.ZS,,,,,,,,,,,,,,,,,,,,,,,,,,,,,,,,,,,,,,,,,4.230008274,4.425380379,4.153232276,4.147832468,4.199448973,4.012716189,4.059544951,3.951973468,3.683454171,3.85674797,4.089805111,4.221983254,4.666440561,3.906704485,3.645506501,3.991819546,3.855612502,3.718582168,,,
Burkina Faso,BFA,Current health expenditure (% of GDP),SH.XPD.CHEX.GD.ZS,,,,,,,,,,,,,,,,,,,,,,,,,,,,,,,,,,,,,,,,,3.317523748,3.248984367,3.340583295,3.536241874,4.744660482,4.44255583,5.091514066,5.886371061,5.227387324,5.715266615,5.89295961,5.229732767,5.17796874,6.25648573,5.624916032,5.825300515,7.013124228,6.915059686,,,
Bangladesh,BGD,Current health expenditure (% of GDP),SH.XPD.CHEX.GD.ZS,,,,,,,,,,,,,,,,,,,,,,,,,,,,,,,,,,,,,,,,,2.001946792,1.986744627,2.151901275,2.19150465,2.214049362,2.275463566,2.322012186,2.387692034,2.345957048,2.403383143,2.49591507,2.565937489,2.57301107,2.503347583,2.496011183,2.463114634,2.311779931,2.274248749,,,
Bulgaria,BGR,Current health expenditure (% of GDP),SH.XPD.CHEX.GD.ZS,,,,,,,,,,,,,,,,,,,,,,,,,,,,,,,,,,,,,,,,,5.870852619,6.912165135,7.1359694,7.255560905,6.943981349,6.944200397,6.573179364,6.159476191,6.29068315,6.613452733,7.105814666,7.1348086,7.594393939,7.868226618,8.498755842,8.202731609,8.230107278,8.095603436,,,
Bahrain,BHR,Current health expenditure (% of GDP),SH.XPD.CHEX.GD.ZS,,,,,,,,,,,,,,,,,,,,,,,,,,,,,,,,,,,,,,,,,3.561326116,3.681042045,3.854865581,3.988568857,3.473381698,3.175616264,3.062489256,3.303733096,3.285104036,4.05684635,3.84291485,3.576913103,4.106426239,4.310739785,4.406818375,4.975066334,4.858230427,4.748104885,,,
"Bahamas, The",BHS,Current health expenditure (% of GDP),SH.XPD.CHEX.GD.ZS,,,,,,,,,,,,,,,,,,,,,,,,,,,,,,,,,,,,,,,,,4.03386578,4.012490809,4.151469469,4.356313497,4.661236703,4.650864005,5.388865992,5.528718233,5.79177998,5.936605483,5.924252421,6.048838049,6.047679484,6.024672836,5.891465768,5.714385584,6.071411818,5.758889019,,,
Bosnia and Herzegovina,BIH,Current health expenditure (% of GDP),SH.XPD.CHEX.GD.ZS,,,,,,,,,,,,,,,,,,,,,,,,,,,,,,,,,,,,,,,,,7.665935159,7.288878411,7.137656957,8.043770492,9.062702209,9.052237123,9.172187001,9.53060165,9.689439088,9.022121131,9.018882364,9.178560227,9.490015358,9.48689729,9.475168586,9.339536726,9.227862209,8.931667358,,,
Belarus,BLR,Current health expenditure (% of GDP),SH.XPD.CHEX.GD.ZS,,,,,,,,,,,,,,,,,,,,,,,,,,,,,,,,,,,,,,,,,5.466761068,5.904420093,5.814753473,5.967114866,5.932196602,6.276538223,5.762958527,5.885340273,5.472814292,5.39037846,5.656940117,4.874385521,5.245326832,5.695594847,5.387933552,6.065333262,5.91054149,5.92578575,,,
Belize,BLZ,Current health expenditure (% of GDP),SH.XPD.CHEX.GD.ZS,,,,,,,,,,,,,,,,,,,,,,,,,,,,,,,,,,,,,,,,,4.140903801,4.700968787,4.499778524,4.760183766,4.56158556,4.685833678,4.602043703,5.042224005,5.06423153,5.796965957,5.764430389,5.634397268,5.371813104,5.697769299,5.673932284,5.903208628,6.09697625,5.642822757,,,
Bermuda,BMU,Current health expenditure (% of GDP),SH.XPD.CHEX.GD.ZS,,,,,,,,,,,,,,,,,,,,,,,,,,,,,,,,,,,,,,,,,,,,,,,,,,,,,,,,,,,,,
Bolivia,BOL,Current health expenditure (% of GDP),SH.XPD.CHEX.GD.ZS,,,,,,,,,,,,,,,,,,,,,,,,,,,,,,,,,,,,,,,,,4.395541176,4.82522212,4.896450415,5.197096244,4.863157123,5.07408157,4.821581021,4.88936156,4.752830043,5.410833284,5.473027378,5.492545664,5.373705178,5.735155195,5.964914709,6.61701411,6.852848828,6.443160772,,,
Brazil,BRA,Current health expenditure (% of GDP),SH.XPD.CHEX.GD.ZS,,,,,,,,,,,,,,,,,,,,,,,,,,,,,,,,,,,,,,,,,8.334801346,8.549931645,8.704341948,8.197110891,8.135350049,8.044081926,8.25888291,8.207753301,8.01595822,8.402491361,7.949066907,7.788301259,7.735300809,7.977093756,8.396054059,8.870203793,9.206205606,9.467476606,,,
Barbados,BRB,Current health expenditure (% of GDP),SH.XPD.CHEX.GD.ZS,,,,,,,,,,,,,,,,,,,,,,,,,,,,,,,,,,,,,,,,,5.331872404,5.525291711,5.861234292,6.683772802,7.315102965,6.768921763,6.583242863,6.055831909,6.476763636,7.148684561,6.773986667,6.899338961,7.778199762,7.599364966,7.106532902,6.967143714,6.852003932,6.779126823,,,
Brunei Darussalam,BRN,Current health expenditure (% of GDP),SH.XPD.CHEX.GD.ZS,,,,,,,,,,,,,,,,,,,,,,,,,,,,,,,,,,,,,,,,,2.543247677,2.541938983,2.529896982,2.597885579,2.547096275,2.229675837,1.903293282,1.940695383,1.869585551,2.393066138,2.278261073,1.864097267,1.850972138,1.898314059,1.914368011,2.387089096,2.548286878,2.373207733,,,
Bhutan,BTN,Current health expenditure (% of GDP),SH.XPD.CHEX.GD.ZS,,,,,,,,,,,,,,,,,,,,,,,,,,,,,,,,,,,,,,,,,4.310199991,4.85057421,4.454511404,4.007478431,4.465328157,4.019673914,4.291453585,4.02995646,3.300827742,3.461476788,3.473576158,3.269957751,3.534254804,3.621295467,3.46891731,3.658079728,3.487767652,3.186962381,,,
Botswana,BWA,Current health expenditure (% of GDP),SH.XPD.CHEX.GD.ZS,,,,,,,,,,,,,,,,,,,,,,,,,,,,,,,,,,,,,,,,,5.827258155,6.156716868,6.421542168,6.176186725,5.795302615,5.025341362,4.773724452,5.333116651,5.782003328,6.52500838,6.194024906,5.776903033,6.141459942,6.224388257,5.597931519,5.726299435,5.560522154,6.134568155,,,
Central African Republic,CAF,Current health expenditure (% of GDP),SH.XPD.CHEX.GD.ZS,,,,,,,,,,,,,,,,,,,,,,,,,,,,,,,,,,,,,,,,,4.43353951,3.911254555,4.267068207,4.610359296,4.196106642,4.76289317,4.460363835,4.771059752,4.022068903,4.345085099,3.742032871,3.822655603,3.874166682,4.843345657,4.853248969,6.308991462,4.281501472,5.821775645,,,
Canada,CAN,Current health expenditure (% of GDP),SH.XPD.CHEX.GD.ZS,,,,,,,,,,,,,,,,,,,,,,,,,,,,,,,,,,,,,,,,,8.275678754,8.655299991,8.888238668,9.042792022,9.09723565,9.064386785,9.349177033,9.444859624,9.603937715,10.71428657,10.68207175,10.35250351,10.34789234,10.22734493,10.05561575,10.510692,10.73787659,10.57276949,,,
Central Europe and the Baltics,CEB,Current health expenditure (% of GDP),SH.XPD.CHEX.GD.ZS,,,,,,,,,,,,,,,,,,,,,,,,,,,,,,,,,,,,,,,,,5.707439098,5.91217647,6.162357156,6.39975777,6.361403846,6.368068013,6.226890124,6.142613812,6.378207627,6.852553236,6.809433676,6.5391453,6.55009231,6.703019715,6.608055618,6.549398701,6.647373041,6.598977974,,,
Switzerland,CHE,Current health expenditure (% of GDP),SH.XPD.CHEX.GD.ZS,,,,,,,,,,,,,,,,,,,,,,,,,,,,,,,,,,,,,,,,,9.843565524,10.23142189,10.64117774,10.93651131,11.00394204,10.82196906,10.21397859,10.01601145,10.15153974,10.80916002,10.69854274,10.76850593,11.0578604,11.31379008,11.49436533,11.88430414,12.22136542,12.34632209,,,
Channel Islands,CHI,Current health expenditure (% of GDP),SH.XPD.CHEX.GD.ZS,,,,,,,,,,,,,,,,,,,,,,,,,,,,,,,,,,,,,,,,,,,,,,,,,,,,,,,,,,,,,
Chile,CHL,Current health expenditure (% of GDP),SH.XPD.CHEX.GD.ZS,,,,,,,,,,,,,,,,,,,,,,,,,,,,,,,,,,,,,,,,,7.035176456,7.15104118,7.266023755,7.333303988,6.901150197,6.588715315,6.035167351,6.175375357,6.740479171,7.209184766,6.774893403,6.771788746,7.02091977,7.4447833,7.80729875,8.302691579,8.51739347,8.983509988,,,
China,CHN,Current health expenditure (% of GDP),SH.XPD.CHEX.GD.ZS,,,,,,,,,,,,,,,,,,,,,,,,,,,,,,,,,,,,,,,,,4.473415017,4.220350832,4.348249361,4.380323738,4.25689593,4.142215103,3.918709978,3.658684716,3.877227008,4.321824387,4.207991436,4.325513169,4.549399018,4.71002236,4.773227125,4.888723046,4.981880635,5.151193216,,,
Cote d'Ivoire,CIV,Current health expenditure (% of GDP),SH.XPD.CHEX.GD.ZS,,,,,,,,,,,,,,,,,,,,,,,,,,,,,,,,,,,,,,,,,5.60044758,4.794317856,4.395536333,4.541251436,5.154654756,5.287700519,5.756248161,6.292618811,6.314691901,6.177199259,6.103670225,6.077907607,6.11988008,5.138966814,5.157325044,4.421981797,4.536222667,4.453034326,,,
Cameroon,CMR,Current health expenditure (% of GDP),SH.XPD.CHEX.GD.ZS,,,,,,,,,,,,,,,,,,,,,,,,,,,,,,,,,,,,,,,,,3.982345387,4.182554036,4.351076856,4.414828122,4.050415754,4.142096266,4.10265103,4.160054773,4.399344325,4.329681024,4.503917694,3.398841619,4.542022943,4.503180087,4.534279183,4.699523374,4.679078981,4.670666903,,,
"Congo, Dem. Rep.",COD,Current health expenditure (% of GDP),SH.XPD.CHEX.GD.ZS,,,,,,,,,,,,,,,,,,,,,,,,,,,,,,,,,,,,,,,,,1.572378539,2.729728259,2.676753141,3.840156645,4.442267492,4.274633527,4.456079751,4.44069393,5.141130462,4.644172266,4.019276053,3.431640565,3.56752947,3.565092385,3.979411721,3.941995651,3.887424991,3.978722915,,,
"Congo, Rep.",COG,Current health expenditure (% of GDP),SH.XPD.CHEX.GD.ZS,,,,,,,,,,,,,,,,,,,,,,,,,,,,,,,,,,,,,,,,,1.693924516,2.375842258,1.876266673,2.115878649,2.10554637,1.875871979,1.78239923,2.243641578,2.553246543,2.221443318,1.980574615,1.85153503,2.474332973,2.488467842,2.507419884,3.415352106,3.48694697,2.930279262,,,
Colombia,COL,Current health expenditure (% of GDP),SH.XPD.CHEX.GD.ZS,,,,,,,,,,,,,,,,,,,,,,,,,,,,,,,,,,,,,,,,,5.652303994,5.960319564,5.75026162,5.792490765,5.816432089,6.085412204,6.352367252,6.506016105,6.855400652,7.308317721,7.082656771,6.790699065,6.752311438,7.262698561,7.146579772,7.297423482,7.213679701,7.226280868,,,
Comoros,COM,Current health expenditure (% of GDP),SH.XPD.CHEX.GD.ZS,,,,,,,,,,,,,,,,,,,,,,,,,,,,,,,,,,,,,,,,,12.2403264,10.93494818,10.95779464,10.32618135,10.31825319,9.858702123,9.701057523,9.341913462,8.977364749,8.56680423,8.5149616,9.098709375,7.928080112,7.76687935,7.584680617,7.77522251,7.486647367,7.384373993,,,
Cabo Verde,CPV,Current health expenditure (% of GDP),SH.XPD.CHEX.GD.ZS,,,,,,,,,,,,,,,,,,,,,,,,,,,,,,,,,,,,,,,,,4.434011877,4.752443731,4.755694419,4.500086233,4.377106577,4.273641109,4.48974967,4.189001396,3.58312875,3.881524503,4.475557432,4.305274412,5.13365455,5.289942399,5.327222496,4.818609357,4.843254015,5.165488645,,,
Costa Rica,CRI,Current health expenditure (% of GDP),SH.XPD.CHEX.GD.ZS,,,,,,,,,,,,,,,,,,,,,,,,,,,,,,,,,,,,,,,,,6.593144685,6.499649584,6.899891049,6.999894232,6.659269333,6.695155799,6.969926506,7.03324154,7.514614612,7.907344401,8.113399893,8.218052238,7.913509756,7.868321985,7.881751657,7.822860032,7.533469051,7.328796387,,,
Caribbean small states,CSS,Current health expenditure (% of GDP),SH.XPD.CHEX.GD.ZS,,,,,,,,,,,,,,,,,,,,,,,,,,,,,,,,,,,,,,,,,4.806852533,4.611285719,4.789275274,4.675319199,4.976588887,4.773459093,4.860264564,4.94351373,4.778313289,5.509991946,5.368206754,5.200512823,5.299484791,5.417706299,5.403404633,5.800038163,6.156750519,6.149120892,,,
Cuba,CUB,Current health expenditure (% of GDP),SH.XPD.CHEX.GD.ZS,,,,,,,,,,,,,,,,,,,,,,,,,,,,,,,,,,,,,,,,,6.581898034,6.982097775,7.114816457,7.102954388,6.831787527,8.755254745,8.27190578,10.96749157,11.31422818,12.29053959,10.68808287,11.31298617,9.299409389,10.43099537,12.14123443,12.81401366,12.21775115,11.71132699,,,
Curacao,CUW,Current health expenditure (% of GDP),SH.XPD.CHEX.GD.ZS,,,,,,,,,,,,,,,,,,,,,,,,,,,,,,,,,,,,,,,,,,,,,,,,,,,,,,,,,,,,,
Cayman Islands,CYM,Current health expenditure (% of GDP),SH.XPD.CHEX.GD.ZS,,,,,,,,,,,,,,,,,,,,,,,,,,,,,,,,,,,,,,,,,,,,,,,,,,,,,,,,,,,,,
Cyprus,CYP,Current health expenditure (% of GDP),SH.XPD.CHEX.GD.ZS,,,,,,,,,,,,,,,,,,,,,,,,,,,,,,,,,,,,,,,,,5.308000743,5.339404568,5.615659803,5.635687709,5.40558137,5.435809493,5.463574827,5.357448757,6.015352905,6.466007978,6.279349327,6.591454893,6.689148396,6.901281327,6.77953437,6.809032708,6.78870976,6.684569269,,,
Czech Republic,CZE,Current health expenditure (% of GDP),SH.XPD.CHEX.GD.ZS,,,,,,,,,,,,,,,,,,,,,,,,,,,,,,,,,,,,,,,,,5.717553198,5.887647346,6.198872253,6.554465741,6.385472417,6.381010264,6.195531413,6.016048416,6.359733641,7.292904705,6.928062439,6.976892054,7.028435171,7.806695253,7.653085142,7.242757082,7.149598747,7.231339067,,,
Germany,DEU,Current health expenditure (% of GDP),SH.XPD.CHEX.GD.ZS,,,,,,,,,,,,,,,,,,,,,,,,,,,,,,,,,,,,,,,,,9.837324172,9.872468561,10.11682451,10.33755541,10.08033082,10.22769734,10.11682823,9.971192479,10.15739292,11.13982946,11.0054031,10.7205376,10.77690274,10.93190983,10.96046045,11.0880129,11.13065928,11.2468347,,,
Djibouti,DJI,Current health expenditure (% of GDP),SH.XPD.CHEX.GD.ZS,,,,,,,,,,,,,,,,,,,,,,,,,,,,,,,,,,,,,,,,,4.125303775,3.940196335,5.035921559,5.58189936,4.66613397,4.527277127,4.8926007,4.793239012,4.478856921,4.511870071,4.297110066,4.738293961,4.63176854,4.098698124,4.138143733,4.389301315,3.749318421,3.316517919,,,
Dominica,DMA,Current health expenditure (% of GDP),SH.XPD.CHEX.GD.ZS,,,,,,,,,,,,,,,,,,,,,,,,,,,,,,,,,,,,,,,,,5.241283774,5.338431895,5.439237878,5.344105139,5.130512267,5.232971534,5.225003883,5.364777893,5.468365923,5.607561395,5.569851771,5.334503576,5.828289315,5.295026302,5.461577326,5.411627889,5.210321769,5.87688908,,,
Denmark,DNK,Current health expenditure (% of GDP),SH.XPD.CHEX.GD.ZS,,,,,,,,,,,,,,,,,,,,,,,,,,,,,,,,,,,,,,,,,8.104380965,8.448326588,8.702512085,8.903630823,9.007430822,9.090571105,9.168796986,9.325155616,9.51134339,10.67431718,10.33315584,10.15290841,10.24135575,10.16958281,10.17190367,10.22716537,10.18123403,10.10827944,,,
Dominican Republic,DOM,Current health expenditure (% of GDP),SH.XPD.CHEX.GD.ZS,,,,,,,,,,,,,,,,,,,,,,,,,,,,,,,,,,,,,,,,,4.884275049,4.881833121,4.986490309,4.388882965,4.287738726,4.353891686,3.993654251,4.207319766,4.725076258,5.087067932,5.579400063,5.665098876,5.88520579,5.764077231,5.847229436,5.982470512,6.096604094,6.136395037,,,
Algeria,DZA,Current health expenditure (% of GDP),SH.XPD.CHEX.GD.ZS,,,,,,,,,,,,,,,,,,,,,,,,,,,,,,,,,,,,,,,,,3.48903276,3.837877139,3.730041534,3.601041064,3.544073179,3.235161304,3.355101869,3.821415827,4.201883823,5.359395593,5.11717163,5.267480761,6.000509858,6.035762653,6.547214091,6.978476048,6.603844464,6.374321878,,,
East Asia & Pacific (excluding high income),EAP,Current health expenditure (% of GDP),SH.XPD.CHEX.GD.ZS,,,,,,,,,,,,,,,,,,,,,,,,,,,,,,,,,,,,,,,,,3.955923784,3.857361901,3.91356427,3.97880217,3.888450225,3.883744556,3.737043709,3.570386492,3.735454505,4.129313665,4.033575286,4.140475568,4.3456198,4.504943366,4.589043411,4.700570565,4.780187028,4.912330892,,,
Early-demographic dividend,EAR,Current health expenditure (% of GDP),SH.XPD.CHEX.GD.ZS,,,,,,,,,,,,,,,,,,,,,,,,,,,,,,,,,,,,,,,,,4.872058925,5.120569352,4.841090821,4.934777263,4.886132301,4.835063936,4.845079541,4.820327341,4.758852445,5.166103621,4.97029006,4.893688888,4.957456113,4.995521136,5.039769095,5.140781059,5.025390045,5.020332919,,,
East Asia & Pacific,EAS,Current health expenditure (% of GDP),SH.XPD.CHEX.GD.ZS,,,,,,,,,,,,,,,,,,,,,,,,,,,,,,,,,,,,,,,,,6.180356985,6.217655906,6.185016966,6.282344153,6.255685822,6.209480225,6.014182333,5.809173435,5.955219558,6.448317979,6.332071424,6.753490774,6.815336122,6.589873856,6.526771432,6.486712169,6.606367691,6.640973183,,,
Europe & Central Asia (excluding high income),ECA,Current health expenditure (% of GDP),SH.XPD.CHEX.GD.ZS,,,,,,,,,,,,,,,,,,,,,,,,,,,,,,,,,,,,,,,,,4.943460201,5.242445533,5.492044086,5.389086924,5.147772097,5.135228444,5.138626568,5.075002185,5.126091212,5.698909795,5.168601879,4.928429745,5.014249545,5.086161744,5.082351365,5.110161832,5.191154146,5.203069139,,,
Europe & Central Asia,ECS,Current health expenditure (% of GDP),SH.XPD.CHEX.GD.ZS,,,,,,,,,,,,,,,,,,,,,,,,,,,,,,,,,,,,,,,,,7.82272251,8.011852919,8.246533982,8.457853067,8.426220696,8.423197861,8.356202318,8.24574506,8.442602902,9.267102808,9.036900136,8.891241793,8.877716453,9.105119058,9.210156056,9.287282272,9.349221987,9.263572366,,,
Ecuador,ECU,Current health expenditure (% of GDP),SH.XPD.CHEX.GD.ZS,,,,,,,,,,,,,,,,,,,,,,,,,,,,,,,,,,,,,,,,,3.315289691,3.737558424,4.457589611,5.42486012,5.550784618,5.578413606,5.687221885,5.864890292,5.816376582,6.438732892,7.121956348,7.865218073,8.479682356,8.559834212,8.62127468,8.588457108,8.295960724,8.257429302,,,
"Egypt, Arab Rep.",EGY,Current health expenditure (% of GDP),SH.XPD.CHEX.GD.ZS,,,,,,,,,,,,,,,,,,,,,,,,,,,,,,,,,,,,,,,,,4.922442883,5.400303379,5.510737747,5.224252865,4.857323691,4.922291636,4.841900617,4.444932565,4.466348141,4.378701374,4.153195024,4.357069358,4.553054273,4.654160514,4.691737145,5.336572602,5.363046378,5.287636817,,,
Euro area,EMU,Current health expenditure (% of GDP),SH.XPD.CHEX.GD.ZS,,,,,,,,,,,,,,,,,,,,,,,,,,,,,,,,,,,,,,,,,8.648200552,8.741723752,8.954153397,9.161292433,9.165783565,9.256157994,9.253936108,9.1528017,9.444672652,10.20413011,10.16605442,10.06287855,10.16846683,10.21364187,10.25918885,10.2023048,10.19076922,10.13510663,,,
Eritrea,ERI,Current health expenditure (% of GDP),SH.XPD.CHEX.GD.ZS,,,,,,,,,,,,,,,,,,,,,,,,,,,,,,,,,,,,,,,,,4.463065043,4.580878839,5.176041275,5.67850098,5.42505756,5.31241633,5.30751124,4.085050523,3.895762935,4.35397923,3.455869108,4.148727655,2.938750014,2.834758349,2.818771265,2.864343114,2.908124402,2.870023437,,,
Spain,ESP,Current health expenditure (% of GDP),SH.XPD.CHEX.GD.ZS,,,,,,,,,,,,,,,,,,,,,,,,,,,,,,,,,,,,,,,,,6.816061586,6.783133745,6.802923232,7.528949529,7.615680993,7.672857493,7.754267752,7.83220306,8.288741112,8.984182775,9.011272341,9.078246355,9.071517736,9.020145237,9.023626149,9.109248221,8.97140801,8.873129636,,,
Estonia,EST,Current health expenditure (% of GDP),SH.XPD.CHEX.GD.ZS,,,,,,,,,,,,,,,,,,,,,,,,,,,,,,,,,,,,,,,,,5.164508149,4.787936062,4.732782394,4.881227016,5.155723915,5.091324449,4.778983071,5.030038208,5.752161145,6.542548537,6.333693117,5.822662264,5.827746168,6.009842083,6.116786227,6.386303902,6.503356993,6.429357827,,,
Ethiopia,ETH,Current health expenditure (% of GDP),SH.XPD.CHEX.GD.ZS,,,,,,,,,,,,,,,,,,,,,,,,,,,,,,,,,,,,,,,,,4.365046695,4.723167047,4.712629691,4.899709299,4.312818497,4.100981355,4.457572848,5.001283437,4.280639067,4.649834335,5.466372147,4.468977824,4.539595917,4.075065255,4.033632204,3.944920376,3.85119468,3.502557427,,,
European Union,EUU,Current health expenditure (% of GDP),SH.XPD.CHEX.GD.ZS,,,,,,,,,,,,,,,,,,,,,,,,,,,,,,,,,,,,,,,,,8.439812702,8.556714515,8.772578481,8.986812152,8.976960292,9.04080241,9.014541254,8.900859954,9.164681274,9.92179184,9.849198105,9.808734828,9.9124735,9.970329231,10.00391497,9.939077286,9.934227781,9.872566479,,,
Fragile and conflict affected situations,FCS,Current health expenditure (% of GDP),SH.XPD.CHEX.GD.ZS,,,,,,,,,,,,,,,,,,,,,,,,,,,,,,,,,,,,,,,,,5.104926425,5.562237339,5.061790592,5.593494479,5.140819201,4.717828034,5.125740005,5.030578126,4.622250468,5.293282097,4.808860502,4.648801434,4.498594827,4.359305392,4.483732575,4.398717859,4.435073281,4.664693684,,,
Finland,FIN,Current health expenditure (% of GDP),SH.XPD.CHEX.GD.ZS,,,,,,,,,,,,,,,,,,,,,,,,,,,,,,,,,,,,,,,,,6.842897087,6.992945075,7.3654145,7.669642568,7.797157019,8.003917336,8.009721339,7.831271738,8.090815693,8.879847825,8.877124637,8.957631886,9.301526845,8.672653139,9.493074566,9.704122692,9.42838788,9.206938744,,,
Fiji,FJI,Current health expenditure (% of GDP),SH.XPD.CHEX.GD.ZS,,,,,,,,,,,,,,,,,,,,,,,,,,,,,,,,,,,,,,,,,3.722561896,3.161883727,3.248430043,3.242261335,3.55409123,3.55896242,3.657887131,3.729042411,3.449540585,3.830637783,3.701361269,3.404846415,3.536990285,3.466692567,3.649255633,3.568863496,3.534800932,3.5007447,,,
France,FRA,Current health expenditure (% of GDP),SH.XPD.CHEX.GD.ZS,,,,,,,,,,,,,,,,,,,,,,,,,,,,,,,,,,,,,,,,,9.584477544,9.70562771,10.02218649,10.08283347,10.16429365,10.21484435,10.39758101,10.33461094,10.51360667,11.30099744,11.23902351,11.20309308,11.31547019,11.43572927,11.57112494,11.4590764,11.4789255,11.31289229,,,
Faroe Islands,FRO,Current health expenditure (% of GDP),SH.XPD.CHEX.GD.ZS,,,,,,,,,,,,,,,,,,,,,,,,,,,,,,,,,,,,,,,,,,,,,,,,,,,,,,,,,,,,,
"Micronesia, Fed. Sts.",FSM,Current health expenditure (% of GDP),SH.XPD.CHEX.GD.ZS,,,,,,,,,,,,,,,,,,,,,,,,,,,,,,,,,,,,,,,,,7.765111327,8.452600241,7.897204161,9.571504593,12.0271571,17.73306727,10.7412912,11.05850413,11.99137941,12.55259216,13.1062448,13.09527457,12.31475696,12.17596829,11.80410534,12.53152192,12.59096563,12.35154942,,,
Gabon,GAB,Current health expenditure (% of GDP),SH.XPD.CHEX.GD.ZS,,,,,,,,,,,,,,,,,,,,,,,,,,,,,,,,,,,,,,,,,2.905367315,3.152464703,3.330462426,3.536915034,3.331400082,2.934102528,3.145088628,3.151499853,2.794451639,3.839813545,2.475567907,2.557716519,2.420975268,2.840870991,2.532821149,2.657437883,3.107697517,2.780745924,,,
United Kingdom,GBR,Current health expenditure (% of GDP),SH.XPD.CHEX.GD.ZS,,,,,,,,,,,,,,,,,,,,,,,,,,,,,,,,,,,,,,,,,5.97159192,6.310986727,6.568206847,6.832544506,7.035588473,7.174565643,7.308196276,7.406117022,7.64548108,8.481582999,8.433944732,8.37611109,8.285918087,9.765764326,9.756682068,9.686845541,9.699044377,9.631694108,,,
Georgia,GEO,Current health expenditure (% of GDP),SH.XPD.CHEX.GD.ZS,,,,,,,,,,,,,,,,,,,,,,,,,,,,,,,,,,,,,,,,,7.396988571,7.370392233,8.033798635,8.255488425,8.316367865,8.303932846,7.846265286,7.64387399,8.681520075,9.835427254,9.545388818,8.388103545,8.373142034,8.395723999,8.438818902,7.93235898,8.421346545,7.601659,,,
Ghana,GHA,Current health expenditure (% of GDP),SH.XPD.CHEX.GD.ZS,,,,,,,,,,,,,,,,,,,,,,,,,,,,,,,,,,,,,,,,,2.835161425,3.21807079,2.825576812,2.849476598,2.942544594,3.82582657,3.80756557,3.956686333,4.13669236,4.619504139,4.607809708,4.674267769,4.117679223,4.623005167,4.100448266,4.621714726,3.461577371,3.262370452,,,
Gibraltar,GIB,Current health expenditure (% of GDP),SH.XPD.CHEX.GD.ZS,,,,,,,,,,,,,,,,,,,,,,,,,,,,,,,,,,,,,,,,,,,,,,,,,,,,,,,,,,,,,
Guinea,GIN,Current health expenditure (% of GDP),SH.XPD.CHEX.GD.ZS,,,,,,,,,,,,,,,,,,,,,,,,,,,,,,,,,,,,,,,,,3.472819179,3.616787866,4.054563493,3.552357852,3.286154196,3.08806207,2.947296947,3.053638712,2.887413651,2.965822443,3.018721752,3.789550811,3.503983095,3.460796922,4.780976847,5.80920577,5.34073934,4.123086855,,,
"Gambia, The",GMB,Current health expenditure (% of GDP),SH.XPD.CHEX.GD.ZS,,,,,,,,,,,,,,,,,,,,,,,,,,,,,,,,,,,,,,,,,2.693045139,2.44616773,2.351417392,2.343599126,2.518680878,2.842879109,3.343729302,3.586076573,3.54212299,3.499827534,3.350627422,4.014417157,3.924252838,4.06464003,3.45647037,3.099949285,2.955651097,3.282071277,,,
Guinea-Bissau,GNB,Current health expenditure (% of GDP),SH.XPD.CHEX.GD.ZS,,,,,,,,,,,,,,,,,,,,,,,,,,,,,,,,,,,,,,,,,7.710558176,6.79371953,6.332409382,6.646823883,8.047827333,7.683817297,7.270440459,7.56464079,7.275112718,7.184963673,6.645119935,6.028466299,5.689674988,6.889078766,9.488552809,8.591153473,8.04162696,7.23586902,,,
Equatorial Guinea,GNQ,Current health expenditure (% of GDP),SH.XPD.CHEX.GD.ZS,,,,,,,,,,,,,,,,,,,,,,,,,,,,,,,,,,,,,,,,,2.324448712,2.30314713,2.415662259,1.977353916,1.747275516,1.505604666,1.518618967,1.571255736,1.829169691,1.844378747,1.818628609,1.553575136,1.263573859,1.87567044,2.192929201,2.915339731,3.157184273,3.107094206,,,
Greece,GRC,Current health expenditure (% of GDP),SH.XPD.CHEX.GD.ZS,,,,,,,,,,,,,,,,,,,,,,,,,,,,,,,,,,,,,,,,,,,,,8.149566501,8.626681566,8.310323209,8.452710509,8.886303008,9.468532354,9.55973193,9.098247439,8.88318643,8.414968103,7.949893922,8.089886606,8.282151818,8.041390032,,,
Grenada,GRD,Current health expenditure (% of GDP),SH.XPD.CHEX.GD.ZS,,,,,,,,,,,,,,,,,,,,,,,,,,,,,,,,,,,,,,,,,5.323745683,5.584404245,5.974988267,5.419720709,5.310799181,5.453084037,6.035349518,5.913164467,5.823859572,6.07633777,6.193170324,6.208665296,5.935962871,5.678920075,4.723766074,4.717331752,4.687991366,4.75711748,,,
Greenland,GRL,Current health expenditure (% of GDP),SH.XPD.CHEX.GD.ZS,,,,,,,,,,,,,,,,,,,,,,,,,,,,,,,,,,,,,,,,,,,,,,,,,,,,,,,,,,,,,
Guatemala,GTM,Current health expenditure (% of GDP),SH.XPD.CHEX.GD.ZS,,,,,,,,,,,,,,,,,,,,,,,,,,,,,,,,,,,,,,,,,5.691120401,6.401094049,6.343770027,6.479805708,6.528557092,6.368883699,6.590300798,6.358929724,6.255123019,6.380946934,6.149437279,5.936356634,6.014749408,6.16954416,5.942374095,5.960480869,6.008672342,5.813843757,,,
Guam,GUM,Current health expenditure (% of GDP),SH.XPD.CHEX.GD.ZS,,,,,,,,,,,,,,,,,,,,,,,,,,,,,,,,,,,,,,,,,,,,,,,,,,,,,,,,,,,,,
Guyana,GUY,Current health expenditure (% of GDP),SH.XPD.CHEX.GD.ZS,,,,,,,,,,,,,,,,,,,,,,,,,,,,,,,,,,,,,,,,,3.887239844,4.020582885,4.192779213,4.280645773,4.85830158,5.187078565,5.020898208,5.179983377,4.886759073,5.213158205,5.463494733,5.167162418,4.894486815,5.050372332,5.144066736,4.518080503,5.140765384,4.945509881,,,
High income,HIC,Current health expenditure (% of GDP),SH.XPD.CHEX.GD.ZS,,,,,,,,,,,,,,,,,,,,,,,,,,,,,,,,,,,,,,,,,9.391084689,9.875264771,10.28109061,10.45091882,10.38120847,10.4182274,10.46268274,10.43564103,10.63046712,11.62447266,11.54601106,11.56765454,11.69253806,11.82441708,11.97942487,12.39127656,12.5768706,12.48786104,,,
"Hong Kong SAR, China",HKG,Current health expenditure (% of GDP),SH.XPD.CHEX.GD.ZS,,,,,,,,,,,,,,,,,,,,,,,,,,,,,,,,,,,,,,,,,,,,,,,,,,,,,,,,,,,,,
Honduras,HND,Current health expenditure (% of GDP),SH.XPD.CHEX.GD.ZS,,,,,,,,,,,,,,,,,,,,,,,,,,,,,,,,,,,,,,,,,6.424325705,6.081948429,6.428344548,6.94597289,7.001449168,7.677622139,8.081953228,8.155261725,8.622102439,8.94305706,8.721075952,8.793432266,8.646212518,8.474894613,8.170271665,7.713969052,8.16693753,7.858425379,,,
Heavily indebted poor countries (HIPC),HPC,Current health expenditure (% of GDP),SH.XPD.CHEX.GD.ZS,,,,,,,,,,,,,,,,,,,,,,,,,,,,,,,,,,,,,,,,,4.266395169,4.681071555,4.835200033,5.049500589,5.289615792,5.439750436,5.577119967,5.631917036,5.386512192,5.771858683,5.611656002,5.404367037,5.350019582,5.416993866,5.329065181,5.583406896,5.35985697,5.169618917,,,
Croatia,HRV,Current health expenditure (% of GDP),SH.XPD.CHEX.GD.ZS,,,,,,,,,,,,,,,,,,,,,,,,,,,,,,,,,,,,,,,,,7.664698362,7.162064314,6.192500517,6.360468268,6.580668688,6.912402064,6.984035671,7.470490038,7.703370601,8.161235601,8.095788956,7.785690576,7.788258791,6.521996856,6.695125252,6.787956506,6.826259196,6.789133698,,,
Haiti,HTI,Current health expenditure (% of GDP),SH.XPD.CHEX.GD.ZS,,,,,,,,,,,,,,,,,,,,,,,,,,,,,,,,,,,,,,,,,6.878739595,6.60283342,5.988880247,5.767048895,5.851917341,5.509355664,5.501037464,5.901580304,6.015900895,6.169160083,8.145598322,10.23136303,9.66829583,7.237882167,7.797636092,8.62852931,8.436867595,8.035501093,,,
Hungary,HUN,Current health expenditure (% of GDP),SH.XPD.CHEX.GD.ZS,,,,,,,,,,,,,,,,,,,,,,,,,,,,,,,,,,,,,,,,,6.764831394,6.817101687,7.10966289,8.117067814,7.762096077,7.996930927,7.806424052,7.221236825,7.103075087,7.248502225,7.51985386,7.542963326,7.466138154,7.259207219,7.094515115,6.970974803,7.134909183,6.879989803,,,
IBRD only,IBD,Current health expenditure (% of GDP),SH.XPD.CHEX.GD.ZS,,,,,,,,,,,,,,,,,,,,,,,,,,,,,,,,,,,,,,,,,5.254108089,5.311799993,5.185115285,5.198498901,5.12345361,5.091666743,5.051428125,4.964696789,5.014834201,5.393768674,5.189235245,5.129776106,5.183838123,5.272647766,5.307793842,5.356832183,5.387147416,5.524213485,,,
IDA & IBRD total,IBT,Current health expenditure (% of GDP),SH.XPD.CHEX.GD.ZS,,,,,,,,,,,,,,,,,,,,,,,,,,,,,,,,,,,,,,,,,5.134756261,5.201265288,5.074439063,5.127523531,5.058746186,5.036932381,5.004500686,4.923831924,4.963643299,5.323373847,5.127051772,5.063508369,5.115665664,5.202729757,5.23056858,5.281403153,5.309071626,5.43515465,,,
IDA total,IDA,Current health expenditure (% of GDP),SH.XPD.CHEX.GD.ZS,,,,,,,,,,,,,,,,,,,,,,,,,,,,,,,,,,,,,,,,,3.592952616,3.733517588,3.703911973,4.250716509,4.244343667,4.32870564,4.40789713,4.3731344,4.245957697,4.347068617,4.225542229,4.063495489,4.102016709,4.20225726,4.173864824,4.310309492,4.2482512,4.146064675,,,
IDA blend,IDB,Current health expenditure (% of GDP),SH.XPD.CHEX.GD.ZS,,,,,,,,,,,,,,,,,,,,,,,,,,,,,,,,,,,,,,,,,3.333617994,3.286245939,3.020581055,3.974347948,3.77103822,3.861459393,3.925484709,3.820933941,3.669454982,3.555289834,3.571364431,3.396156928,3.507067079,3.61582993,3.614905108,3.731062878,3.853314097,3.802829881,,,
Indonesia,IDN,Current health expenditure (% of GDP),SH.XPD.CHEX.GD.ZS,,,,,,,,,,,,,,,,,,,,,,,,,,,,,,,,,,,,,,,,,1.909314096,2.174175158,2.033047937,2.301337384,2.172131464,2.584090456,2.672021836,2.876170725,2.613000758,2.684943378,2.960899845,2.955420315,2.902866714,2.960650623,3.117121011,3.011822514,3.119054809,2.989054471,,,
IDA only,IDX,Current health expenditure (% of GDP),SH.XPD.CHEX.GD.ZS,,,,,,,,,,,,,,,,,,,,,,,,,,,,,,,,,,,,,,,,,3.801037002,4.098846893,4.281752831,4.485457948,4.679143769,4.783295272,4.917964222,4.940058836,4.875529914,5.120470062,4.901209171,4.77644582,4.768044083,4.846099901,4.795584343,4.908410821,4.631698481,4.451615354,,,
Isle of Man,IMN,Current health expenditure (% of GDP),SH.XPD.CHEX.GD.ZS,,,,,,,,,,,,,,,,,,,,,,,,,,,,,,,,,,,,,,,,,,,,,,,,,,,,,,,,,,,,,
India,IND,Current health expenditure (% of GDP),SH.XPD.CHEX.GD.ZS,,,,,,,,,,,,,,,,,,,,,,,,,,,,,,,,,,,,,,,,,4.03493233,4.262781143,4.240166768,4.008479789,3.957392275,3.791162372,3.634778038,3.517541662,3.514680639,3.485378623,3.272119164,3.246342018,3.329353034,3.749441728,3.619565442,3.595659882,3.510983288,3.534959629,,,
Not classified,INX,Current health expenditure (% of GDP),SH.XPD.CHEX.GD.ZS,,,,,,,,,,,,,,,,,,,,,,,,,,,,,,,,,,,,,,,,,,,,,,,,,,,,,,,,,,,,,
Ireland,IRL,Current health expenditure (% of GDP),SH.XPD.CHEX.GD.ZS,,,,,,,,,,,,,,,,,,,,,,,,,,,,,,,,,,,,,,,,,5.905280635,6.399335712,6.674513221,7.008606941,7.225116342,7.647806406,7.513321191,7.802485675,9.102024138,10.48682556,10.50335094,10.68889946,10.6810905,10.28554514,9.652171284,7.335802913,7.382569462,7.184383273,,,
"Iran, Islamic Rep.",IRN,Current health expenditure (% of GDP),SH.XPD.CHEX.GD.ZS,,,,,,,,,,,,,,,,,,,,,,,,,,,,,,,,,,,,,,,,,4.735038057,5.108170211,4.755927622,5.132234842,5.185746402,5.305721611,5.198625848,5.039779097,5.281684175,6.559545547,6.754731387,6.607250869,6.636486202,5.993798748,6.91351071,7.760579139,8.859506994,8.659663796,,,
Iraq,IRQ,Current health expenditure (% of GDP),SH.XPD.CHEX.GD.ZS,,,,,,,,,,,,,,,,,,,,,,,,,,,,,,,,,,,,,,,,,,,,2.991960756,3.843026608,2.897399291,2.422478795,3.106377274,3.035738692,3.768258914,3.230556101,2.791318111,2.690394223,2.819397673,2.796548977,3.142790869,3.266989067,4.166630283,,,
Iceland,ISL,Current health expenditure (% of GDP),SH.XPD.CHEX.GD.ZS,,,,,,,,,,,,,,,,,,,,,,,,,,,,,,,,,,,,,,,,,8.951125294,8.817038685,9.489692748,9.977671504,9.464410692,9.147135913,8.829599619,8.632069081,8.586940914,8.867631108,8.532291651,8.251312375,8.19516778,8.22141096,8.279339224,8.152368665,8.126642555,8.326291293,,,
Israel,ISR,Current health expenditure (% of GDP),SH.XPD.CHEX.GD.ZS,,,,,,,,,,,,,,,,,,,,,,,,,,,,,,,,,,,,,,,,,6.807062775,7.231108844,7.152485847,7.09823221,7.033304125,7.129754871,6.913996488,6.894224882,6.972803921,7.067006826,7.024657726,6.971810758,7.107847929,7.072549313,7.143173367,7.086516172,7.325906307,7.407464087,,,
Italy,ITA,Current health expenditure (% of GDP),SH.XPD.CHEX.GD.ZS,,,,,,,,,,,,,,,,,,,,,,,,,,,,,,,,,,,,,,,,,7.580372691,7.768862695,7.893034816,7.855414599,8.187796921,8.361204714,8.459686488,8.16283673,8.561831713,8.976536989,8.953611553,8.834642917,8.956061304,8.952267468,9.011440724,8.98803398,8.880628645,8.840259165,,,
Jamaica,JAM,Current health expenditure (% of GDP),SH.XPD.CHEX.GD.ZS,,,,,,,,,,,,,,,,,,,,,,,,,,,,,,,,,,,,,,,,,5.768957362,5.273785815,4.851859435,4.554829001,5.257989839,4.437828064,4.479044303,5.12474142,5.438794568,4.787174612,5.006210878,4.931637645,4.994662851,5.238964409,5.232599005,5.65508455,5.734744668,5.988416821,,,
Jordan,JOR,Current health expenditure (% of GDP),SH.XPD.CHEX.GD.ZS,,,,,,,,,,,,,,,,,,,,,,,,,,,,,,,,,,,,,,,,,9.634938836,9.885273874,9.655578434,9.116060287,9.022370726,8.862745017,8.056206256,8.301047236,8.753927797,9.502128512,8.389297873,8.299319446,7.882923633,7.247695327,7.311494648,7.593157887,7.167056203,8.119250834,,,
Japan,JPN,Current health expenditure (% of GDP),SH.XPD.CHEX.GD.ZS,,,,,,,,,,,,,,,,,,,,,,,,,,,,,,,,,,,,,,,,,7.15091303,7.359197736,7.473364472,7.611002773,7.657194138,7.780668885,7.807842642,7.89046064,8.199514449,9.05829668,9.156773239,10.61671749,10.79065353,10.79159379,10.8320497,10.88550687,10.82552895,10.93593314,,,
Kazakhstan,KAZ,Current health expenditure (% of GDP),SH.XPD.CHEX.GD.ZS,,,,,,,,,,,,,,,,,,,,,,,,,,,,,,,,,,,,,,,,,4.160313681,3.470969945,3.614800796,3.723346442,3.983080387,3.901725635,3.398249298,2.703149244,3.049526177,3.499137238,2.740755118,2.686830983,3.059642762,2.865079977,2.708936483,3.045746684,3.434833884,3.125361726,,,
Kenya,KEN,Current health expenditure (% of GDP),SH.XPD.CHEX.GD.ZS,,,,,,,,,,,,,,,,,,,,,,,,,,,,,,,,,,,,,,,,,4.63924408,4.803691432,4.958637431,5.169123411,5.344948918,5.314364284,5.873449147,5.997066945,6.049851701,6.027803198,6.116752699,5.81170097,5.61369732,5.519421399,5.459335819,5.219385773,5.018576235,4.802543297,,,
Kyrgyz Republic,KGZ,Current health expenditure (% of GDP),SH.XPD.CHEX.GD.ZS,,,,,,,,,,,,,,,,,,,,,,,,,,,,,,,,,,,,,,,,,4.414149746,4.277032614,4.592195526,5.823821202,6.202813238,7.45010674,8.311838657,6.932106614,6.525119394,6.898734719,6.950271875,7.107291371,8.509663492,8.187451214,7.357664406,7.14930892,6.412482262,6.185863167,,,
Cambodia,KHM,Current health expenditure (% of GDP),SH.XPD.CHEX.GD.ZS,,,,,,,,,,,,,,,,,,,,,,,,,,,,,,,,,,,,,,,,,6.540954113,7.011174411,7.234725356,6.949040294,7.093045115,6.852789968,6.118003651,4.902112484,6.601093709,7.583305985,6.911698729,7.503531873,7.261154056,7.103867829,6.701577455,6.194315851,6.116484478,5.918841809,,,
Kiribati,KIR,Current health expenditure (% of GDP),SH.XPD.CHEX.GD.ZS,,,,,,,,,,,,,,,,,,,,,,,,,,,,,,,,,,,,,,,,,8.645000309,12.32934445,11.90127805,10.66935286,12.42028773,11.50768697,11.5765065,11.35285199,14.07539099,13.43940943,9.207247198,8.584050834,8.598423749,9.460052103,9.937688708,7.988185436,9.320367873,10.75759679,,,
St. Kitts and Nevis,KNA,Current health expenditure (% of GDP),SH.XPD.CHEX.GD.ZS,,,,,,,,,,,,,,,,,,,,,,,,,,,,,,,,,,,,,,,,,4.66796197,4.242598638,4.309346154,4.588622972,4.302122071,4.476482794,4.883797094,4.566669837,5.201627687,5.337792635,5.296811089,5.270301178,5.172269046,5.198218301,4.84826304,4.922236502,4.984227568,5.03680706,,,
"Korea, Rep.",KOR,Current health expenditure (% of GDP),SH.XPD.CHEX.GD.ZS,,,,,,,,,,,,,,,,,,,,,,,,,,,,,,,,,,,,,,,,,3.998532519,4.575431347,4.315283895,4.596621916,4.580429941,4.837430269,5.180264264,5.376113951,5.675645173,6.090024859,6.221941113,6.294254214,6.437445432,6.57883808,6.821474433,7.045055926,7.32512027,7.603863627,,,
Kuwait,KWT,Current health expenditure (% of GDP),SH.XPD.CHEX.GD.ZS,,,,,,,,,,,,,,,,,,,,,,,,,,,,,,,,,,,,,,,,,2.514907904,3.608825803,3.572352976,3.233272582,2.757321484,2.377622388,2.253138833,2.133144997,1.933366992,3.86935994,2.757036127,2.618084289,2.573785931,2.585439011,3.197580203,4.014736041,3.973542899,5.291384831,,,
Latin America & Caribbean (excluding high income),LAC,Current health expenditure (% of GDP),SH.XPD.CHEX.GD.ZS,,,,,,,,,,,,,,,,,,,,,,,,,,,,,,,,,,,,,,,,,6.545867494,6.676052936,6.49464999,6.704946403,6.748199387,6.765359885,6.958189776,7.086313995,6.985342635,7.599545934,7.28760388,7.190951222,7.117653466,7.208877052,7.305380627,7.720111916,7.670664906,7.970083836,,,
Lao PDR,LAO,Current health expenditure (% of GDP),SH.XPD.CHEX.GD.ZS,,,,,,,,,,,,,,,,,,,,,,,,,,,,,,,,,,,,,,,,,4.275137186,4.290316999,3.697511926,4.479207844,3.540572897,3.336732462,2.932009473,3.15345563,2.767273039,3.463003784,2.911552414,1.944575086,2.076375857,2.399849892,2.298455499,2.453664504,2.360874787,2.528086863,,,
Lebanon,LBN,Current health expenditure (% of GDP),SH.XPD.CHEX.GD.ZS,,,,,,,,,,,,,,,,,,,,,,,,,,,,,,,,,,,,,,,,,10.83669215,10.5695501,9.288490564,8.676847816,8.004533499,7.551211864,8.650323004,8.543912321,7.788503915,6.992024183,7.443320751,8.14711377,7.931434363,7.57978037,7.846295834,7.679343224,7.82264024,8.195544034,,,
Liberia,LBR,Current health expenditure (% of GDP),SH.XPD.CHEX.GD.ZS,,,,,,,,,,,,,,,,,,,,,,,,,,,,,,,,,,,,,,,,,4.023111239,3.254674748,2.756326087,3.141738847,7.768101245,8.851347864,7.383304834,9.275401384,7.371047884,9.416911751,8.794269711,9.227525443,8.592135459,8.18830654,9.062814713,10.28979123,9.795856476,8.155337721,,,
Libya,LBY,Current health expenditure (% of GDP),SH.XPD.CHEX.GD.ZS,,,,,,,,,,,,,,,,,,,,,,,,,,,,,,,,,,,,,,,,,3.425420448,4.051628336,4.890099168,4.100411758,3.491712734,2.597746812,2.514676005,2.43791379,2.635717206,4.288160428,3.585411236,6.050127372,,,,,,,,,
St. Lucia,LCA,Current health expenditure (% of GDP),SH.XPD.CHEX.GD.ZS,,,,,,,,,,,,,,,,,,,,,,,,,,,,,,,,,,,,,,,,,5.433464423,5.719999224,6.018480659,5.853759125,5.324476957,5.429187417,5.727931485,5.764680356,5.644521117,5.739207566,5.352684855,5.612134561,5.584924668,5.782038718,4.956198856,4.80466336,5.197576061,4.545886815,,,
Latin America & Caribbean,LCN,Current health expenditure (% of GDP),SH.XPD.CHEX.GD.ZS,,,,,,,,,,,,,,,,,,,,,,,,,,,,,,,,,,,,,,,,,6.581004575,6.708000484,6.533900891,6.726312097,6.748029334,6.742422292,6.898241404,7.027361112,6.962079263,7.572019459,7.262423188,7.168187965,7.112145957,7.218488829,7.32385846,7.737272349,7.715335545,8.017412178,,,
Least developed countries: UN classification,LDC,Current health expenditure (% of GDP),SH.XPD.CHEX.GD.ZS,,,,,,,,,,,,,,,,,,,,,,,,,,,,,,,,,,,,,,,,,3.437293563,3.910457117,4.084229783,4.276902615,4.524320398,4.464087165,4.572977697,4.600045964,4.431054914,4.763807453,4.423858053,4.243690056,4.184771077,4.341918347,4.288103379,4.501291735,4.276727455,4.113070083,,,
Low income,LIC,Current health expenditure (% of GDP),SH.XPD.CHEX.GD.ZS,,,,,,,,,,,,,,,,,,,,,,,,,,,,,,,,,,,,,,,,,4.180177897,4.710159391,4.891920924,5.26759176,5.420937033,5.428482086,5.586235556,5.734527517,5.812742285,6.294415566,6.015143001,5.788141303,5.631635366,5.787373506,5.767046779,5.982375148,5.861033205,5.696271174,,,
Liechtenstein,LIE,Current health expenditure (% of GDP),SH.XPD.CHEX.GD.ZS,,,,,,,,,,,,,,,,,,,,,,,,,,,,,,,,,,,,,,,,,,,,,,,,,,,,,,,,,,,,,
Sri Lanka,LKA,Current health expenditure (% of GDP),SH.XPD.CHEX.GD.ZS,,,,,,,,,,,,,,,,,,,,,,,,,,,,,,,,,,,,,,,,,4.246528819,4.193238914,4.173114523,3.769273311,4.175158218,4.009724781,3.979861736,3.951320797,3.984648362,4.193388298,3.867454454,3.716934845,3.403847292,3.826988116,3.606480733,3.889920935,3.893241659,3.8114205,,,
Lower middle income,LMC,Current health expenditure (% of GDP),SH.XPD.CHEX.GD.ZS,,,,,,,,,,,,,,,,,,,,,,,,,,,,,,,,,,,,,,,,,3.950021178,4.164084985,4.076692587,4.17634702,4.120874279,4.107685955,4.077580679,3.993773381,3.992690614,4.076130753,3.916331421,3.893518277,4.035407335,4.268672888,4.105618497,4.166632063,4.116133039,4.045105218,,,
Low & middle income,LMY,Current health expenditure (% of GDP),SH.XPD.CHEX.GD.ZS,,,,,,,,,,,,,,,,,,,,,,,,,,,,,,,,,,,,,,,,,5.089224707,5.150901946,5.012140931,5.069159118,4.999878479,4.989636836,4.966548966,4.886792327,4.904814091,5.278060905,5.073128151,5.024894336,5.074306413,5.15954105,5.193051086,5.24606606,5.266494816,5.388443901,,,
Lesotho,LSO,Current health expenditure (% of GDP),SH.XPD.CHEX.GD.ZS,,,,,,,,,,,,,,,,,,,,,,,,,,,,,,,,,,,,,,,,,5.857205018,6.374391168,5.958613753,5.620803311,5.631966144,5.066244304,5.690185726,6.769456714,7.247280329,8.375191689,7.617733628,8.796618134,8.578190207,9.012218565,8.615203947,8.401554823,7.948503643,8.763158321,,,
Late-demographic dividend,LTE,Current health expenditure (% of GDP),SH.XPD.CHEX.GD.ZS,,,,,,,,,,,,,,,,,,,,,,,,,,,,,,,,,,,,,,,,,5.352890249,5.265356318,5.309259887,5.22831964,5.126174336,5.104982772,5.027600114,4.935817358,5.03811028,5.488846952,5.256565922,5.182952752,5.223067849,5.346992997,5.423329206,5.442585237,5.542095867,5.691942822,,,
Lithuania,LTU,Current health expenditure (% of GDP),SH.XPD.CHEX.GD.ZS,,,,,,,,,,,,,,,,,,,,,,,,,,,,,,,,,,,,,,,,,6.191749498,6.005979702,6.136467308,6.17941618,5.506043509,5.641973391,5.837898701,5.758477375,6.287565082,7.355534285,6.816124171,6.496496499,6.287543476,6.139936298,6.195533276,6.475146115,6.644369662,6.457564235,,,
Luxembourg,LUX,Current health expenditure (% of GDP),SH.XPD.CHEX.GD.ZS,,,,,,,,,,,,,,,,,,,,,,,,,,,,,,,,,,,,,,,,,5.901361629,6.410922855,6.738471985,6.972715259,7.345485687,7.182568312,6.708382815,6.234724075,6.538402289,7.339793444,7.03124404,6.111482903,6.571893394,5.673171952,5.555498973,5.47898896,5.468732491,5.481074378,,,
Latvia,LVA,Current health expenditure (% of GDP),SH.XPD.CHEX.GD.ZS,,,,,,,,,,,,,,,,,,,,,,,,,,,,,,,,,,,,,,,,,5.447819829,5.778474733,5.76919429,5.490301177,6.229158118,5.860397592,5.737105384,5.768448859,5.625307932,6.153756008,6.148456782,5.57204932,5.420093611,5.399822816,5.465153977,5.710636824,6.214978546,5.955661833,,,
"Macao SAR, China",MAC,Current health expenditure (% of GDP),SH.XPD.CHEX.GD.ZS,,,,,,,,,,,,,,,,,,,,,,,,,,,,,,,,,,,,,,,,,,,,,,,,,,,,,,,,,,,,,
St. Martin (French part),MAF,Current health expenditure (% of GDP),SH.XPD.CHEX.GD.ZS,,,,,,,,,,,,,,,,,,,,,,,,,,,,,,,,,,,,,,,,,,,,,,,,,,,,,,,,,,,,,
Morocco,MAR,Current health expenditure (% of GDP),SH.XPD.CHEX.GD.ZS,,,,,,,,,,,,,,,,,,,,,,,,,,,,,,,,,,,,,,,,,3.978074342,4.129816219,4.429794103,4.553665221,4.729188606,4.764697701,4.941239581,5.422935262,5.302516744,5.841244757,5.86408861,5.732993409,5.749422684,5.687434971,5.303417146,5.071744695,5.238145962,5.245200172,,,
Monaco,MCO,Current health expenditure (% of GDP),SH.XPD.CHEX.GD.ZS,,,,,,,,,,,,,,,,,,,,,,,,,,,,,,,,,,,,,,,,,1.734314486,1.762623154,1.78920608,2.083111741,2.125338465,2.11626105,2.019359916,1.788016036,1.924046502,2.276206017,2.33060699,2.178610303,2.234616503,2.149694599,2.086791769,2.028333396,1.749095507,1.772702299,,,
Moldova,MDA,Current health expenditure (% of GDP),SH.XPD.CHEX.GD.ZS,,,,,,,,,,,,,,,,,,,,,,,,,,,,,,,,,,,,,,,,,4.938305169,5.194823444,6.169447675,5.850978568,7.474868745,7.963959873,8.785702288,9.182600677,9.123052657,11.39545813,10.13112813,9.096703678,9.139620513,8.683003485,8.63275677,8.557635546,7.535933703,7.012950629,,,
Madagascar,MDG,Current health expenditure (% of GDP),SH.XPD.CHEX.GD.ZS,,,,,,,,,,,,,,,,,,,,,,,,,,,,,,,,,,,,,,,,,5.231045187,5.576434359,5.767989159,5.511543155,6.134537607,6.005159393,5.886605382,5.206242949,4.715996981,5.012931675,5.320348963,5.185530335,4.409825802,4.229971021,5.082657188,5.721168593,6.117167324,5.502038077,,,
Maldives,MDV,Current health expenditure (% of GDP),SH.XPD.CHEX.GD.ZS,,,,,,,,,,,,,,,,,,,,,,,,,,,,,,,,,,,,,,,,,7.736558467,8.21364969,8.784401417,6.77857548,7.483569533,8.827534318,8.048190176,8.305681497,11.47104129,10.09288132,8.487590402,7.922516018,8.673048019,8.136093616,7.907841355,8.690302074,10.1996921,9.029976279,,,
Middle East & North Africa,MEA,Current health expenditure (% of GDP),SH.XPD.CHEX.GD.ZS,,,,,,,,,,,,,,,,,,,,,,,,,,,,,,,,,,,,,,,,,4.496313331,4.841792113,4.750824878,4.65524758,4.365349181,4.106924742,4.026822708,4.066005345,3.971350949,5.040744246,4.738134511,4.652650008,4.69224888,4.680648253,5.072272932,5.600684382,5.770607279,5.685185774,,,
Mexico,MEX,Current health expenditure (% of GDP),SH.XPD.CHEX.GD.ZS,,,,,,,,,,,,,,,,,,,,,,,,,,,,,,,,,,,,,,,,,4.449124634,4.820358008,5.071642622,5.814864486,5.953903124,5.836121738,5.655255169,5.766445026,5.69886975,6.12978451,5.9751302,5.701141432,5.84224537,5.940777436,5.630386248,5.797087401,5.616091937,5.516541377,,,
Marshall Islands,MHL,Current health expenditure (% of GDP),SH.XPD.CHEX.GD.ZS,,,,,,,,,,,,,,,,,,,,,,,,,,,,,,,,,,,,,,,,,19.71921027,17.18898416,15.0778085,14.73436058,17.45458245,21.61401212,21.47187889,17.51184314,16.89825654,16.05598778,15.24565518,14.76577669,14.49397206,14.80927467,14.9224773,17.59065539,17.86218286,16.40294045,,,
Middle income,MIC,Current health expenditure (% of GDP),SH.XPD.CHEX.GD.ZS,,,,,,,,,,,,,,,,,,,,,,,,,,,,,,,,,,,,,,,,,5.106884562,5.158818534,5.014503814,5.065356727,4.992004882,4.9815892,4.955318098,4.871585694,4.891006704,5.261627816,5.059305566,5.014628001,5.066890451,5.1510153,5.184891388,5.23480924,5.258791551,5.38464741,,,
North Macedonia,MKD,Current health expenditure (% of GDP),SH.XPD.CHEX.GD.ZS,,,,,,,,,,,,,,,,,,,,,,,,,,,,,,,,,,,,,,,,,8.869915456,8.381591737,8.978269994,9.008577466,8.465053886,7.679075003,7.383146137,6.570653617,6.553176045,6.52846396,6.713696569,6.518873572,6.614683568,6.719283015,6.289933622,6.342279166,6.379433721,6.062114984,,,
Mali,MLI,Current health expenditure (% of GDP),SH.XPD.CHEX.GD.ZS,,,,,,,,,,,,,,,,,,,,,,,,,,,,,,,,,,,,,,,,,5.562094599,5.171200261,4.995070025,5.192646757,5.31325452,5.054903403,5.316086113,5.113198981,4.929465428,5.093683302,4.608997703,3.945498168,3.681880981,3.968563676,4.481562972,4.111433402,3.775381669,3.793985024,,,
Malta,MLT,Current health expenditure (% of GDP),SH.XPD.CHEX.GD.ZS,,,,,,,,,,,,,,,,,,,,,,,,,,,,,,,,,,,,,,,,,6.599144638,7.037463039,7.712595165,7.94301182,8.119693398,8.680791408,8.837563545,8.215371519,7.962536812,8.080018312,8.2127437,8.562771976,8.607941121,8.829877526,9.369085729,9.237205982,9.166416526,9.340999275,,,
Myanmar,MMR,Current health expenditure (% of GDP),SH.XPD.CHEX.GD.ZS,,,,,,,,,,,,,,,,,,,,,,,,,,,,,,,,,,,,,,,,,1.842909493,1.836426929,2.090152726,2.046433091,2.131642215,2.014162578,1.935170591,1.732190698,1.938597858,2.046704479,1.825043373,1.784107089,2.320593596,3.048278764,4.149409011,5.197115242,4.767122865,4.65907231,,,
Middle East & North Africa (excluding high income),MNA,Current health expenditure (% of GDP),SH.XPD.CHEX.GD.ZS,,,,,,,,,,,,,,,,,,,,,,,,,,,,,,,,,,,,,,,,,4.774594459,5.128408731,5.092557632,5.080206704,4.845769914,4.625792134,4.557835483,4.600460704,4.712056229,5.622892959,5.490779957,5.548257338,5.597659309,5.283514608,5.596407298,6.102881073,6.527215074,6.684571057,,,
Montenegro,MNE,Current health expenditure (% of GDP),SH.XPD.CHEX.GD.ZS,,,,,,,,,,,,,,,,,,,,,,,,,,,,,,,,,,,,,,,,,,,,,,,,,,,,,,,,,,,,,
Mongolia,MNG,Current health expenditure (% of GDP),SH.XPD.CHEX.GD.ZS,,,,,,,,,,,,,,,,,,,,,,,,,,,,,,,,,,,,,,,,,4.872621223,4.317224398,4.434629902,3.51071097,3.570473567,3.755250946,3.749714419,4.07522507,4.55692932,4.459798709,3.739456087,3.586121649,3.854933381,4.067323729,4.190003872,4.238340631,4.423556477,4.002301022,,,
Northern Mariana Islands,MNP,Current health expenditure (% of GDP),SH.XPD.CHEX.GD.ZS,,,,,,,,,,,,,,,,,,,,,,,,,,,,,,,,,,,,,,,,,,,,,,,,,,,,,,,,,,,,,
Mozambique,MOZ,Current health expenditure (% of GDP),SH.XPD.CHEX.GD.ZS,,,,,,,,,,,,,,,,,,,,,,,,,,,,,,,,,,,,,,,,,3.926773369,5.074915662,5.070333928,5.300475284,5.043933541,6.439650804,6.160224974,5.456117913,4.57091108,4.955084622,5.122229084,4.483826458,5.223881826,5.423846841,5.967646837,5.268516392,5.146733299,4.94119823,,,
Mauritania,MRT,Current health expenditure (% of GDP),SH.XPD.CHEX.GD.ZS,,,,,,,,,,,,,,,,,,,,,,,,,,,,,,,,,,,,,,,,,4.6503786,4.817173257,5.371850356,5.292383209,4.780080542,4.576242343,3.484237567,3.724596277,3.892925754,4.005206376,3.42159085,3.239161521,3.417847306,3.692505509,4.284687713,4.743247479,4.130824283,4.403151572,,,
Mauritius,MUS,Current health expenditure (% of GDP),SH.XPD.CHEX.GD.ZS,,,,,,,,,,,,,,,,,,,,,,,,,,,,,,,,,,,,,,,,,2.895819582,2.960846387,3.231903538,3.224866837,3.361191228,3.565293178,3.654288501,3.570651263,3.991996497,4.226502776,4.579821229,4.307828844,4.276750609,4.683036357,5.493996292,5.699958652,5.706785619,5.718720704,,,
Malawi,MWI,Current health expenditure (% of GDP),SH.XPD.CHEX.GD.ZS,,,,,,,,,,,,,,,,,,,,,,,,,,,,,,,,,,,,,,,,,3.352528811,2.980396897,3.775869682,4.674836621,5.733373761,6.055050716,6.916420907,7.663156092,8.598216623,8.26966241,7.241383195,7.493751496,8.478985727,11.57910749,9.71205011,9.333340824,9.693633765,9.648231417,,,
Malaysia,MYS,Current health expenditure (% of GDP),SH.XPD.CHEX.GD.ZS,,,,,,,,,,,,,,,,,,,,,,,,,,,,,,,,,,,,,,,,,2.564804442,2.72831656,2.724182233,2.983301878,2.917645499,2.844622545,3.171842545,3.12164221,3.081520461,3.32245715,3.228724748,3.388656303,3.54644917,3.571852669,3.773028776,3.894904256,3.79941836,3.859398142,,,
North America,NAC,Current health expenditure (% of GDP),SH.XPD.CHEX.GD.ZS,,,,,,,,,,,,,,,,,,,,,,,,,,,,,,,,,,,,,,,,,12.21715175,12.87571436,13.62663718,14.06435916,14.11663642,14.09124082,14.19720599,14.39703403,14.75312993,15.85615634,15.85521247,15.75461504,15.76044078,15.74075456,15.92728507,16.34183697,16.70942736,16.55475896,,,
Namibia,NAM,Current health expenditure (% of GDP),SH.XPD.CHEX.GD.ZS,,,,,,,,,,,,,,,,,,,,,,,,,,,,,,,,,,,,,,,,,9.752272815,9.639193118,9.85044837,9.994279593,10.30231416,10.30575931,10.24136618,10.7734248,9.922350198,9.039595723,9.718737006,9.822425991,9.506503493,8.926074952,8.39028284,9.935639054,9.110306948,8.550956845,,,
New Caledonia,NCL,Current health expenditure (% of GDP),SH.XPD.CHEX.GD.ZS,,,,,,,,,,,,,,,,,,,,,,,,,,,,,,,,,,,,,,,,,,,,,,,,,,,,,,,,,,,,,
Niger,NER,Current health expenditure (% of GDP),SH.XPD.CHEX.GD.ZS,,,,,,,,,,,,,,,,,,,,,,,,,,,,,,,,,,,,,,,,,7.198380679,7.182010263,7.336116582,7.000427693,7.289352268,8.198126405,8.278848231,7.625176013,7.390086353,7.942280918,6.868880242,6.648624688,5.836509541,5.943012983,5.851347372,7.138033211,6.164639816,7.739962637,,,
Nigeria,NGA,Current health expenditure (% of GDP),SH.XPD.CHEX.GD.ZS,,,,,,,,,,,,,,,,,,,,,,,,,,,,,,,,,,,,,,,,,3.197384253,3.189469501,2.490640245,5.053609237,4.633682966,4.465918988,4.257751256,3.909973055,3.695815802,3.580197319,3.296532854,3.320779279,3.359842673,3.420693055,3.348403797,3.581949696,3.647736832,3.755538538,,,
Nicaragua,NIC,Current health expenditure (% of GDP),SH.XPD.CHEX.GD.ZS,,,,,,,,,,,,,,,,,,,,,,,,,,,,,,,,,,,,,,,,,5.238836631,5.458027124,5.652682856,5.287502334,5.957430229,6.07598871,6.04548417,6.90786466,7.011273503,7.507994026,7.04933852,7.42443651,7.647757232,7.523881644,8.009811491,8.001486212,8.790948242,8.645465225,,,
Netherlands,NLD,Current health expenditure (% of GDP),SH.XPD.CHEX.GD.ZS,,,,,,,,,,,,,,,,,,,,,,,,,,,,,,,,,,,,,,,,,7.706960291,8.059458435,8.649131656,9.056570381,9.110764414,9.096668661,9.080551565,9.052925557,9.276604652,9.992926568,10.15508771,10.23357883,10.53898707,10.58363616,10.56703776,10.32393798,10.30060574,10.10083482,,,
Norway,NOR,Current health expenditure (% of GDP),SH.XPD.CHEX.GD.ZS,,,,,,,,,,,,,,,,,,,,,,,,,,,,,,,,,,,,,,,,,7.70907104,8.020593226,9.005493671,9.218992293,8.826300502,8.332771808,7.91631192,8.047933131,7.955513895,9.064172953,8.897772431,8.779023588,8.76544416,8.916901797,9.327557683,10.10889262,10.5194889,10.44634208,,,
Nepal,NPL,Current health expenditure (% of GDP),SH.XPD.CHEX.GD.ZS,,,,,,,,,,,,,,,,,,,,,,,,,,,,,,,,,,,,,,,,,3.573574126,4.348510504,4.492613673,4.398443177,4.615427926,4.506669566,4.042508453,4.189594463,4.35452126,4.450596496,4.974766821,5.078438297,5.170103535,5.324740708,5.767847598,6.219271943,6.278400868,5.553295091,,,
Nauru,NRU,Current health expenditure (% of GDP),SH.XPD.CHEX.GD.ZS,,,,,,,,,,,,,,,,,,,,,,,,,,,,,,,,,,,,,,,,,13.49695325,14.27627951,15.56524038,14.40901905,11.62229255,12.5713855,14.36201036,25.47505796,19.49981004,10.3796348,10.4306303,8.183433115,7.450456917,8.433229476,9.089228511,13.25165629,13.86484355,11.01751551,,,
New Zealand,NZL,Current health expenditure (% of GDP),SH.XPD.CHEX.GD.ZS,,,,,,,,,,,,,,,,,,,,,,,,,,,,,,,,,,,,,,,,,7.470022142,7.578936219,7.900459319,7.721692324,7.900905609,8.273348957,8.632995933,8.321332186,9.113627672,9.623537213,9.588436782,9.510231018,9.652346373,9.366187453,9.424130619,9.328305721,9.29223001,9.170055389,,,
OECD members,OED,Current health expenditure (% of GDP),SH.XPD.CHEX.GD.ZS,,,,,,,,,,,,,,,,,,,,,,,,,,,,,,,,,,,,,,,,,9.324842287,9.812116343,10.21890122,10.42313895,10.36799196,10.41464472,10.47458915,10.45917378,10.68829873,11.65452414,11.57294451,11.62142212,11.75352558,11.86862497,11.99849004,12.3827884,12.58023437,12.50827523,,,
Oman,OMN,Current health expenditure (% of GDP),SH.XPD.CHEX.GD.ZS,,,,,,,,,,,,,,,,,,,,,,,,,,,,,,,,,,,,,,,,,3.063547239,3.083151951,3.180440143,3.172947094,2.975646779,2.587140724,2.310921997,2.425764874,2.012227103,2.830087952,2.820715122,2.547766082,2.552277781,2.791342884,3.526933864,4.304401577,4.328744859,3.849071637,,,
Other small states,OSS,Current health expenditure (% of GDP),SH.XPD.CHEX.GD.ZS,,,,,,,,,,,,,,,,,,,,,,,,,,,,,,,,,,,,,,,,,4.6374658,4.711764346,4.91605498,5.258599721,5.015263115,4.61883168,4.276149184,4.191658271,3.827956273,4.375101611,3.968311254,3.615613965,3.586418071,3.804259904,4.00203741,4.655164353,4.738049746,4.560893793,,,
Pakistan,PAK,Current health expenditure (% of GDP),SH.XPD.CHEX.GD.ZS,,,,,,,,,,,,,,,,,,,,,,,,,,,,,,,,,,,,,,,,,2.885519899,2.70667132,2.827048674,2.431378886,2.347227186,2.70793736,3.007171303,3.138228506,2.923122048,2.61331182,2.596757933,2.344426326,2.359399386,2.602801658,2.722007968,2.68711932,2.855102345,2.898633666,,,
Panama,PAN,Current health expenditure (% of GDP),SH.XPD.CHEX.GD.ZS,,,,,,,,,,,,,,,,,,,,,,,,,,,,,,,,,,,,,,,,,7.047249377,6.962895393,7.097537071,6.747023761,7.107039541,6.196581945,6.55015558,6.92544058,6.846449524,6.993982941,7.17163831,6.617531925,6.580961496,6.650529802,6.910640746,6.807867438,7.241625339,7.319491357,,,
Peru,PER,Current health expenditure (% of GDP),SH.XPD.CHEX.GD.ZS,,,,,,,,,,,,,,,,,,,,,,,,,,,,,,,,,,,,,,,,,4.54743281,4.961025342,5.16769737,5.107879266,4.792028666,4.541213438,4.515941814,4.403814673,4.444892704,4.956103861,4.724153876,4.624898732,4.755287617,4.701345414,4.997495189,5.025862902,5.06358929,4.995150492,,,
Philippines,PHL,Current health expenditure (% of GDP),SH.XPD.CHEX.GD.ZS,,,,,,,,,,,,,,,,,,,,,,,,,,,,,,,,,,,,,,,,,3.154817596,2.947058529,2.733301185,3.19143869,3.16792205,3.900418431,3.945848718,3.919542208,4.027924314,4.353533313,4.312762618,4.206093773,4.374652356,4.463811219,4.127411544,4.321368784,4.406967387,4.44640778,,,
Palau,PLW,Current health expenditure (% of GDP),SH.XPD.CHEX.GD.ZS,,,,,,,,,,,,,,,,,,,,,,,,,,,,,,,,,,,,,,,,,8.935126662,7.997796685,8.068986982,9.080026299,10.03987119,9.342747182,9.717089683,9.958963096,9.496746957,10.36237702,11.60861179,10.81779227,11.4212729,12.014734,12.02302501,10.88830754,11.8446894,11.96116209,,,
Papua New Guinea,PNG,Current health expenditure (% of GDP),SH.XPD.CHEX.GD.ZS,,,,,,,,,,,,,,,,,,,,,,,,,,,,,,,,,,,,,,,,,1.983926632,2.261317335,2.658474259,2.411231399,2.594883181,2.457809262,2.440240234,2.421021089,2.135260589,2.329375222,2.107560262,2.293978073,2.666935511,2.997278981,3.292572126,1.914411969,2.542641014,2.469276078,,,
Poland,POL,Current health expenditure (% of GDP),SH.XPD.CHEX.GD.ZS,,,,,,,,,,,,,,,,,,,,,,,,,,,,,,,,,,,,,,,,,5.298166722,5.678643659,6.079196557,5.962313712,5.868634582,5.807254836,5.800673738,5.872912332,6.373452395,6.586829573,6.419091672,6.233820692,6.201083213,6.375479698,6.352540106,6.397911906,6.543077528,6.541953981,,,
Pre-demographic dividend,PRE,Current health expenditure (% of GDP),SH.XPD.CHEX.GD.ZS,,,,,,,,,,,,,,,,,,,,,,,,,,,,,,,,,,,,,,,,,3.712954623,4.073938956,3.83371705,4.908539839,4.820969073,4.56092142,4.470643761,4.415583771,4.203171673,4.535384679,4.102831208,3.868002684,3.785927105,3.936977811,3.861555429,4.213850658,4.233855703,4.354131754,,,
Puerto Rico,PRI,Current health expenditure (% of GDP),SH.XPD.CHEX.GD.ZS,,,,,,,,,,,,,,,,,,,,,,,,,,,,,,,,,,,,,,,,,,,,,,,,,,,,,,,,,,,,,
"Korea, Dem. People’s Rep.",PRK,Current health expenditure (% of GDP),SH.XPD.CHEX.GD.ZS,,,,,,,,,,,,,,,,,,,,,,,,,,,,,,,,,,,,,,,,,,,,,,,,,,,,,,,,,,,,,
Portugal,PRT,Current health expenditure (% of GDP),SH.XPD.CHEX.GD.ZS,,,,,,,,,,,,,,,,,,,,,,,,,,,,,,,,,,,,,,,,,8.374801278,8.403991908,8.558045328,8.901515603,9.295478463,9.433411062,9.136171639,9.065811336,9.352511913,9.878950566,9.819474816,9.531158954,9.348253906,9.089542925,9.022328258,8.971844614,9.037944674,8.969574422,,,
Paraguay,PRY,Current health expenditure (% of GDP),SH.XPD.CHEX.GD.ZS,,,,,,,,,,,,,,,,,,,,,,,,,,,,,,,,,,,,,,,,,5.502978712,5.042893067,4.19174917,4.298231751,4.23106961,4.083038867,4.2330347,4.175106063,4.161504656,4.465404525,4.624900594,5.053712428,6.543094665,6.072357297,6.64632991,6.746993214,6.72532469,6.654568762,,,
West Bank and Gaza,PSE,Current health expenditure (% of GDP),SH.XPD.CHEX.GD.ZS,,,,,,,,,,,,,,,,,,,,,,,,,,,,,,,,,,,,,,,,,,,,,,,,,,,,,,,,,,,,,
Pacific island small states,PSS,Current health expenditure (% of GDP),SH.XPD.CHEX.GD.ZS,,,,,,,,,,,,,,,,,,,,,,,,,,,,,,,,,,,,,,,,,5.100484057,5.061062356,5.350662527,4.907177396,5.34871149,5.763324674,5.520070134,5.303101821,5.217155096,5.571287713,5.483793242,5.156095928,5.067702861,5.158240757,5.182836583,5.14926031,5.180662538,4.994461551,,,
Post-demographic dividend,PST,Current health expenditure (% of GDP),SH.XPD.CHEX.GD.ZS,,,,,,,,,,,,,,,,,,,,,,,,,,,,,,,,,,,,,,,,,9.550889155,10.04521238,10.4630974,10.64567485,10.58970468,10.66699724,10.74529304,10.73661367,10.97653949,11.94341194,11.90658114,11.98474603,12.13111727,12.27487135,12.43126348,12.83894581,13.02378108,12.95480255,,,
French Polynesia,PYF,Current health expenditure (% of GDP),SH.XPD.CHEX.GD.ZS,,,,,,,,,,,,,,,,,,,,,,,,,,,,,,,,,,,,,,,,,,,,,,,,,,,,,,,,,,,,,
Qatar,QAT,Current health expenditure (% of GDP),SH.XPD.CHEX.GD.ZS,,,,,,,,,,,,,,,,,,,,,,,,,,,,,,,,,,,,,,,,,2.008652128,2.314331569,2.456635796,3.529639542,3.07446178,2.569088154,2.203381062,1.973329857,1.600121893,2.149522677,1.789239049,1.599962078,1.748221554,2.0762017,2.422960848,3.11748907,3.0493645,2.607428655,,,
Romania,ROU,Current health expenditure (% of GDP),SH.XPD.CHEX.GD.ZS,,,,,,,,,,,,,,,,,,,,,,,,,,,,,,,,,,,,,,,,,4.208761454,4.375981539,4.576946422,5.371367559,5.477335677,5.527781695,5.071060732,5.022233352,5.022742227,5.278412998,5.769062415,4.699015617,4.71803546,5.192621425,5.030050129,4.942689091,4.993756488,5.157888308,,,
Russian Federation,RUS,Current health expenditure (% of GDP),SH.XPD.CHEX.GD.ZS,,,,,,,,,,,,,,,,,,,,,,,,,,,,,,,,,,,,,,,,,5.02310656,5.246192962,5.525188521,5.166982487,4.763412103,4.774818942,4.769585282,4.750955477,4.906768724,5.647527054,4.974289984,4.797973856,4.948974773,5.088209733,5.188795552,5.295170844,5.265467241,5.344577879,,,
Rwanda,RWA,Current health expenditure (% of GDP),SH.XPD.CHEX.GD.ZS,,,,,,,,,,,,,,,,,,,,,,,,,,,,,,,,,,,,,,,,,4.263494536,3.907929733,3.66946198,8.024391532,8.542917669,8.777026087,9.071037918,9.08876881,8.471371979,8.453363925,8.64418447,8.364737034,8.347957581,6.755574793,6.896932423,6.524469703,6.763341278,6.571598351,,,
South Asia,SAS,Current health expenditure (% of GDP),SH.XPD.CHEX.GD.ZS,,,,,,,,,,,,,,,,,,,,,,,,,,,,,,,,,,,,,,,,,3.716697949,3.883588383,3.942825066,3.716593588,3.692994597,3.619945102,3.542191762,3.480994897,3.454407028,3.413452411,3.247710107,3.19918606,3.254677811,3.623140069,3.528536306,3.508087946,3.447842676,3.462648336,,,
Saudi Arabia,SAU,Current health expenditure (% of GDP),SH.XPD.CHEX.GD.ZS,,,,,,,,,,,,,,,,,,,,,,,,,,,,,,,,,,,,,,,,,4.211594164,4.46173586,4.249376431,3.979097307,3.584006056,3.41867283,3.619224951,3.562287241,2.971004136,4.290419444,3.647856042,3.71177718,4.019623995,4.465683177,5.227954686,5.998345092,5.835629627,5.23025319,,,
Sudan,SDN,Current health expenditure (% of GDP),SH.XPD.CHEX.GD.ZS,,,,,,,,,,,,,,,,,,,,,,,,,,,,,,,,,,,,,,,,,3.606644645,3.364568576,3.300108761,3.89187932,4.155934975,4.09418121,4.8854433,5.662691966,5.423136055,6.394962966,5.058101937,5.615795776,5.688270181,6.964875013,5.676196888,7.182786614,6.403641403,6.341807544,,,
Senegal,SEN,Current health expenditure (% of GDP),SH.XPD.CHEX.GD.ZS,,,,,,,,,,,,,,,,,,,,,,,,,,,,,,,,,,,,,,,,,3.569314629,3.874143586,4.080598801,4.329026118,4.519643262,3.668607026,3.712452948,3.340806067,3.472995386,3.802074492,4.000454396,4.193470627,4.227733612,4.374903068,4.396058246,4.382573068,4.272793233,4.134063795,,,
Singapore,SGP,Current health expenditure (% of GDP),SH.XPD.CHEX.GD.ZS,,,,,,,,,,,,,,,,,,,,,,,,,,,,,,,,,,,,,,,,,3.351741657,3.181058913,3.380251303,3.630940244,3.173555061,3.042963147,2.951292694,2.852637693,3.217931464,3.429339454,3.248543665,3.189135343,3.367587924,3.714843839,3.891367093,4.204509035,4.42238152,4.440382868,,,
Solomon Islands,SLB,Current health expenditure (% of GDP),SH.XPD.CHEX.GD.ZS,,,,,,,,,,,,,,,,,,,,,,,,,,,,,,,,,,,,,,,,,5.253469571,7.037266344,10.77457368,7.933806628,8.590250462,10.14185548,9.277187288,8.746446669,8.072721213,7.89796263,7.257924229,7.102133334,5.59251532,5.495364219,5.883029476,5.248685181,5.170710385,4.684919119,,,
Sierra Leone,SLE,Current health expenditure (% of GDP),SH.XPD.CHEX.GD.ZS,,,,,,,,,,,,,,,,,,,,,,,,,,,,,,,,,,,,,,,,,11.51732951,10.97251251,11.42102405,10.82905233,10.96055359,11.03772968,10.39398909,10.03516242,9.87387076,11.09847873,10.94338,13.28134388,10.59041992,11.56772003,19.72741783,20.41341364,16.5259555,13.42092752,,,
El Salvador,SLV,Current health expenditure (% of GDP),SH.XPD.CHEX.GD.ZS,,,,,,,,,,,,,,,,,,,,,,,,,,,,,,,,,,,,,,,,,8.924677968,8.82467404,8.778339624,8.406224847,8.497467637,8.436944336,7.923421264,7.63829574,7.664876431,8.397717774,8.236292005,8.144399524,7.539319992,7.718392462,7.681527734,7.630340755,7.717107236,7.227560133,,,
San Marino,SMR,Current health expenditure (% of GDP),SH.XPD.CHEX.GD.ZS,,,,,,,,,,,,,,,,,,,,,,,,,,,,,,,,,,,,,,,,,5.278094858,5.121600628,4.965936765,4.380505159,4.907340184,4.932296649,4.994703829,5.13984561,5.446756259,6.283783913,6.624383479,7.444359362,8.006405085,7.727155834,7.567261904,7.351348549,6.834965944,7.364083081,,,
Somalia,SOM,Current health expenditure (% of GDP),SH.XPD.CHEX.GD.ZS,,,,,,,,,,,,,,,,,,,,,,,,,,,,,,,,,,,,,,,,,,,,,,,,,,,,,,,,,,,,,
Serbia,SRB,Current health expenditure (% of GDP),SH.XPD.CHEX.GD.ZS,,,,,,,,,,,,,,,,,,,,,,,,,,,,,,,,,,,,,,,,,6.50382936,6.865362078,8.065596968,8.135061711,8.245892078,8.283819258,8.493878692,9.376476705,9.482447803,9.346219897,9.527307004,9.113793075,9.328204393,9.312324226,9.245985746,8.819290996,8.645783365,8.433958143,,,
Sub-Saharan Africa (excluding high income),SSA,Current health expenditure (% of GDP),SH.XPD.CHEX.GD.ZS,,,,,,,,,,,,,,,,,,,,,,,,,,,,,,,,,,,,,,,,,5.136967321,5.284074948,4.751419033,5.613057614,5.604925945,5.419855347,5.276166153,5.144108405,4.921174318,5.32100438,5.251686036,5.098179291,5.018156114,4.979925353,4.853485256,5.138878688,5.082728685,5.114540109,,,
South Sudan,SSD,Current health expenditure (% of GDP),SH.XPD.CHEX.GD.ZS,,,,,,,,,,,,,,,,,,,,,,,,,,,,,,,,,,,,,,,,,,,,,,,,,,,,,,,,,,9.760994464,,,
Sub-Saharan Africa,SSF,Current health expenditure (% of GDP),SH.XPD.CHEX.GD.ZS,,,,,,,,,,,,,,,,,,,,,,,,,,,,,,,,,,,,,,,,,5.109196231,5.255296708,4.732901338,5.585410494,5.581134512,5.403366997,5.262796651,5.130779024,4.912678897,5.311156619,5.246460369,5.092070557,5.013280269,4.977470142,4.857932702,5.142394662,5.087828958,5.119372706,,,
Small states,SST,Current health expenditure (% of GDP),SH.XPD.CHEX.GD.ZS,,,,,,,,,,,,,,,,,,,,,,,,,,,,,,,,,,,,,,,,,4.695406018,4.69325928,4.893029862,5.109068226,5.014862562,4.676514443,4.418467589,4.352335649,4.017904246,4.591753628,4.222179438,3.872614115,3.859128778,4.055971874,4.218216972,4.848862514,4.967886396,4.801668565,,,
Sao Tome and Principe,STP,Current health expenditure (% of GDP),SH.XPD.CHEX.GD.ZS,,,,,,,,,,,,,,,,,,,,,,,,,,,,,,,,,,,,,,,,,10.50688773,10.82799435,10.66627577,12.61895895,11.87558398,11.51784286,8.281977475,8.170799911,7.112051547,7.194752991,6.845119596,6.755898148,6.476388872,7.937498391,6.731331348,5.386785418,6.221891195,6.229991466,,,
Suriname,SUR,Current health expenditure (% of GDP),SH.XPD.CHEX.GD.ZS,,,,,,,,,,,,,,,,,,,,,,,,,,,,,,,,,,,,,,,,,6.284762174,4.095414281,5.707795173,5.23449108,5.848038569,5.614975467,6.270441413,5.590701848,5.082780495,5.330472812,5.03042452,4.721440002,4.587551951,4.804755747,4.841276258,6.219266728,6.279411912,6.229769811,,,
Slovak Republic,SVK,Current health expenditure (% of GDP),SH.XPD.CHEX.GD.ZS,,,,,,,,,,,,,,,,,,,,,,,,,,,,,,,,,,,,,,,,,5.312600359,5.340037122,5.516815186,5.458388478,6.382087618,6.597922742,6.861574203,7.189814001,6.966390461,7.956789434,7.801123708,7.418328524,7.633841783,7.52781406,6.90824911,6.846557558,7.095012814,6.742534786,,,
Slovenia,SVN,Current health expenditure (% of GDP),SH.XPD.CHEX.GD.ZS,,,,,,,,,,,,,,,,,,,,,,,,,,,,,,,,,,,,,,,,,7.783880085,7.876359671,7.996105403,8.081733435,7.926805317,7.965042442,7.802128792,7.494489849,7.849387825,8.561748266,8.591376245,8.573946357,8.757906407,8.792161196,8.508984745,8.495900035,8.481074125,8.18701759,,,
Sweden,SWE,Current health expenditure (% of GDP),SH.XPD.CHEX.GD.ZS,,,,,,,,,,,,,,,,,,,,,,,,,,,,,,,,,,,,,,,,,7.402285188,8.021907508,8.348850906,8.453098685,8.25170055,8.267921954,8.151193708,8.064294606,8.303080499,8.934969455,8.477182686,10.66594943,10.92613414,11.08894423,11.129722,11.00371927,10.9761335,11.01874635,,,
Eswatini,SWZ,Current health expenditure (% of GDP),SH.XPD.CHEX.GD.ZS,,,,,,,,,,,,,,,,,,,,,,,,,,,,,,,,,,,,,,,,,4.609517381,5.138953403,5.522982776,6.37864396,6.814324856,7.376233488,7.825600356,7.930041105,8.857928962,8.632922173,8.591257781,8.469972759,7.921973616,7.517321408,7.33172521,7.126944512,6.817775965,6.930378079,,,
Sint Maarten (Dutch part),SXM,Current health expenditure (% of GDP),SH.XPD.CHEX.GD.ZS,,,,,,,,,,,,,,,,,,,,,,,,,,,,,,,,,,,,,,,,,,,,,,,,,,,,,,,,,,,,,
Seychelles,SYC,Current health expenditure (% of GDP),SH.XPD.CHEX.GD.ZS,,,,,,,,,,,,,,,,,,,,,,,,,,,,,,,,,,,,,,,,,4.610718042,5.394697562,4.559575766,5.35819754,5.196067318,4.977264255,4.678183049,4.089723527,3.990249708,3.884086013,4.827735201,4.79911305,5.731076375,4.508036375,4.737505317,4.58823815,5.178798363,5.006735027,,,
Syrian Arab Republic,SYR,Current health expenditure (% of GDP),SH.XPD.CHEX.GD.ZS,,,,,,,,,,,,,,,,,,,,,,,,,,,,,,,,,,,,,,,,,4.349623993,4.493672028,4.523269087,5.11783585,4.479356855,4.109697789,3.777723759,3.722424805,3.397627547,3.546463326,3.276441619,3.328562528,3.565647453,,,,,,,,
Turks and Caicos Islands,TCA,Current health expenditure (% of GDP),SH.XPD.CHEX.GD.ZS,,,,,,,,,,,,,,,,,,,,,,,,,,,,,,,,,,,,,,,,,,,,,,,,,,,,,,,,,,,,,
Chad,TCD,Current health expenditure (% of GDP),SH.XPD.CHEX.GD.ZS,,,,,,,,,,,,,,,,,,,,,,,,,,,,,,,,,,,,,,,,,5.457502231,5.293291807,7.267888635,5.509412661,5.500122905,4.841114208,4.866432026,4.343129694,4.059547931,4.441665113,4.060231894,3.910466284,3.856077418,4.066451639,4.273168743,4.52395454,4.957113415,4.487301409,,,
East Asia & Pacific (IDA & IBRD countries),TEA,Current health expenditure (% of GDP),SH.XPD.CHEX.GD.ZS,,,,,,,,,,,,,,,,,,,,,,,,,,,,,,,,,,,,,,,,,3.956343398,3.85771374,3.913896109,3.979141571,3.888828736,3.884068995,3.737346105,3.570649597,3.73564532,4.129489959,4.033790861,4.140637701,4.345787416,4.505118135,4.589222301,4.700757238,4.780410613,4.912512376,,,
Europe & Central Asia (IDA & IBRD countries),TEC,Current health expenditure (% of GDP),SH.XPD.CHEX.GD.ZS,,,,,,,,,,,,,,,,,,,,,,,,,,,,,,,,,,,,,,,,,5.047982087,5.345323641,5.584232673,5.515627228,5.314325972,5.29625068,5.266757114,5.226864207,5.338042243,5.851824859,5.409891908,5.116059764,5.166304233,5.245891626,5.250361219,5.296052871,5.389431765,5.405029086,,,
Togo,TGO,Current health expenditure (% of GDP),SH.XPD.CHEX.GD.ZS,,,,,,,,,,,,,,,,,,,,,,,,,,,,,,,,,,,,,,,,,3.309697285,3.4227781,3.449823707,3.50266993,3.692106903,3.968613595,4.158602655,4.433437064,4.436735064,4.958002269,5.900415033,5.995885655,6.14082627,6.296271831,6.358894706,6.249374151,6.577026844,6.199512258,,,
Thailand,THA,Current health expenditure (% of GDP),SH.XPD.CHEX.GD.ZS,,,,,,,,,,,,,,,,,,,,,,,,,,,,,,,,,,,,,,,,,3.10125351,3.026232123,3.33472304,3.243127838,3.138936311,3.159722313,3.099700995,3.192771971,3.459339589,3.619400039,3.390097991,3.568261117,3.522940725,3.453133255,3.684480861,3.667894006,3.76332067,3.746016324,,,
Tajikistan,TJK,Current health expenditure (% of GDP),SH.XPD.CHEX.GD.ZS,,,,,,,,,,,,,,,,,,,,,,,,,,,,,,,,,,,,,,,,,4.264924303,4.578025639,4.436472431,4.702186584,4.799111933,5.210246891,5.032547936,5.540501326,5.912066996,5.855797604,5.735434219,5.859718099,5.98185882,6.532263756,6.665497273,6.907359511,7.004277408,7.228814811,,,
Turkmenistan,TKM,Current health expenditure (% of GDP),SH.XPD.CHEX.GD.ZS,,,,,,,,,,,,,,,,,,,,,,,,,,,,,,,,,,,,,,,,,6.891642511,8.148754388,7.021969557,8.512169123,10.57751328,9.555303305,8.413213491,5.288832262,5.90518862,4.812483862,4.996360093,4.89650853,4.77595143,5.150632933,5.497773364,6.297936291,6.62111789,6.930448115,,,
Latin America & the Caribbean (IDA & IBRD countries),TLA,Current health expenditure (% of GDP),SH.XPD.CHEX.GD.ZS,,,,,,,,,,,,,,,,,,,,,,,,,,,,,,,,,,,,,,,,,6.592210336,6.716198554,6.535885361,6.730290177,6.754211167,6.718276883,6.880719151,6.971528595,6.905298128,7.505404366,7.222710843,7.121678832,7.08659894,7.179518711,7.263875265,7.652240515,7.633812497,7.95623907,,,
Timor-Leste,TLS,Current health expenditure (% of GDP),SH.XPD.CHEX.GD.ZS,,,,,,,,,,,,,,,,,,,,,,,,,,,,,,,,,,,,,,,,,,,,2.564486861,1.743150875,1.344854943,1.025158633,1.058277488,1.02795139,1.660585776,1.42712146,1.259021834,1.216293871,1.712212339,2.364153229,3.494243696,4.020591825,3.882293403,,,
Middle East & North Africa (IDA & IBRD countries),TMN,Current health expenditure (% of GDP),SH.XPD.CHEX.GD.ZS,,,,,,,,,,,,,,,,,,,,,,,,,,,,,,,,,,,,,,,,,4.774594459,5.128408731,5.092557632,5.080206704,4.845769914,4.625792134,4.557835483,4.600460704,4.712056229,5.622892959,5.490779957,5.548257338,5.597659309,5.283514608,5.596407298,6.102881073,6.527215074,6.684571057,,,
Tonga,TON,Current health expenditure (% of GDP),SH.XPD.CHEX.GD.ZS,,,,,,,,,,,,,,,,,,,,,,,,,,,,,,,,,,,,,,,,,2.926933952,3.335611522,3.530027345,3.477202728,4.473063722,4.162341356,5.507218838,4.59965989,6.132158265,3.881749511,4.740960151,3.857270256,5.064842477,4.175946862,5.113930628,4.652014375,5.178248882,5.269311368,,,
South Asia (IDA & IBRD),TSA,Current health expenditure (% of GDP),SH.XPD.CHEX.GD.ZS,,,,,,,,,,,,,,,,,,,,,,,,,,,,,,,,,,,,,,,,,3.716697949,3.883588383,3.942825066,3.716593588,3.692994597,3.619945102,3.542191762,3.480994897,3.454407028,3.413452411,3.247710107,3.19918606,3.254677811,3.623140069,3.528536306,3.508087946,3.447842676,3.462648336,,,
Sub-Saharan Africa (IDA & IBRD countries),TSS,Current health expenditure (% of GDP),SH.XPD.CHEX.GD.ZS,,,,,,,,,,,,,,,,,,,,,,,,,,,,,,,,,,,,,,,,,5.109196231,5.255296708,4.732901338,5.585410494,5.581134512,5.403366997,5.262796651,5.130779024,4.912678897,5.311156619,5.246460369,5.092070557,5.013280269,4.977470142,4.857932702,5.142394662,5.087828958,5.119372706,,,
Trinidad and Tobago,TTO,Current health expenditure (% of GDP),SH.XPD.CHEX.GD.ZS,,,,,,,,,,,,,,,,,,,,,,,,,,,,,,,,,,,,,,,,,4.23492454,4.034648836,4.723024741,4.187671468,4.308051988,4.434511811,4.154320061,4.15360257,3.657570481,5.486764386,5.080429092,4.721979052,4.876051843,5.042729527,5.227505043,6.039511785,6.870259345,6.978735328,,,
Tunisia,TUN,Current health expenditure (% of GDP),SH.XPD.CHEX.GD.ZS,,,,,,,,,,,,,,,,,,,,,,,,,,,,,,,,,,,,,,,,,5.048343539,5.099294707,5.37092723,5.463784933,5.453237891,5.397360772,5.382181704,5.429331586,5.417636782,5.670459941,5.883955956,6.43202886,6.606329232,6.856620312,6.807396561,7.007412612,6.99615702,7.232457399,,,
Turkey,TUR,Current health expenditure (% of GDP),SH.XPD.CHEX.GD.ZS,,,,,,,,,,,,,,,,,,,,,,,,,,,,,,,,,,,,,,,,,4.621873796,4.924443364,5.10102883,5.058810487,4.959243536,4.941643775,5.188490823,5.28075695,5.259439349,5.533872172,5.053646117,4.687921703,4.477877915,4.4041235,4.347248003,4.138546064,4.314314201,4.216302931,,,
Tuvalu,TUV,Current health expenditure (% of GDP),SH.XPD.CHEX.GD.ZS,,,,,,,,,,,,,,,,,,,,,,,,,,,,,,,,,,,,,,,,,24.24389124,19.18874979,13.28484863,15.41858166,10.56772098,11.35907471,13.3790195,11.27195954,10.74156687,14.3573001,16.40094817,15.39393663,15.32846689,18.12769771,16.86151773,16.69959277,16.88424796,17.14255512,,,
Tanzania,TZA,Current health expenditure (% of GDP),SH.XPD.CHEX.GD.ZS,,,,,,,,,,,,,,,,,,,,,,,,,,,,,,,,,,,,,,,,,3.400558606,4.191220552,4.655775055,5.334946141,5.747768655,6.413852423,7.707667351,6.98339045,5.637050048,5.135955289,5.299128592,5.128773674,5.018007755,4.646510258,4.014890641,3.649634123,3.963478655,3.645451367,,,
Uganda,UGA,Current health expenditure (% of GDP),SH.XPD.CHEX.GD.ZS,,,,,,,,,,,,,,,,,,,,,,,,,,,,,,,,,,,,,,,,,7.560507208,8.343745023,8.751285821,8.650619537,10.28578207,11.36374027,11.79276779,11.68179214,10.39849371,9.738734365,10.51574945,8.924943209,7.866661251,7.24972859,6.965086609,6.483460963,6.325942278,6.187755987,,,
Ukraine,UKR,Current health expenditure (% of GDP),SH.XPD.CHEX.GD.ZS,,,,,,,,,,,,,,,,,,,,,,,,,,,,,,,,,,,,,,,,,5.306852236,5.72534427,5.992200598,6.545741111,6.168569624,6.346158683,6.416951865,6.01705201,5.497280136,6.607718766,6.81226477,6.81617707,7.11665526,7.355342805,6.635321677,6.945355237,6.756291538,6.99532032,,,
Upper middle income,UMC,Current health expenditure (% of GDP),SH.XPD.CHEX.GD.ZS,,,,,,,,,,,,,,,,,,,,,,,,,,,,,,,,,,,,,,,,,5.412270775,5.422812405,5.275762012,5.31733856,5.230287243,5.21420742,5.185884966,5.099541781,5.105061846,5.554812882,5.336113634,5.270182069,5.299174099,5.34842539,5.434045046,5.500069843,5.552011291,5.719283764,,,
Uruguay,URY,Current health expenditure (% of GDP),SH.XPD.CHEX.GD.ZS,,,,,,,,,,,,,,,,,,,,,,,,,,,,,,,,,,,,,,,,,10.00623405,10.64465865,10.51725075,10.44789478,9.01818648,8.426587284,8.41139704,8.140483499,8.826869726,8.636274189,8.594215661,8.635289967,8.764129877,8.819972724,8.770222217,9.008198977,9.155895561,9.2962116,,,
United States,USA,Current health expenditure (% of GDP),SH.XPD.CHEX.GD.ZS,,,,,,,,,,,,,,,,,,,,,,,,,,,,,,,,,,,,,,,,,12.50252426,13.16940933,13.95503283,14.45544511,14.53713328,14.54213858,14.65883106,14.89903331,15.29529393,16.34410173,16.41195267,16.37629271,16.37153327,16.34751707,16.53166264,16.83988124,17.19726026,17.06126928,,,
Uzbekistan,UZB,Current health expenditure (% of GDP),SH.XPD.CHEX.GD.ZS,,,,,,,,,,,,,,,,,,,,,,,,,,,,,,,,,,,,,,,,,5.357998982,5.462282151,5.340614542,5.438986421,5.069771782,5.040319264,5.0879132,4.947749153,5.069788918,5.335599929,5.596162006,5.675463378,6.059665978,6.042293832,5.676021799,6.101626903,6.314973533,6.41438514,,,
St. Vincent and the Grenadines,VCT,Current health expenditure (% of GDP),SH.XPD.CHEX.GD.ZS,,,,,,,,,,,,,,,,,,,,,,,,,,,,,,,,,,,,,,,,,4.295512661,4.300745577,4.306596518,4.182753339,4.074361548,4.035224766,3.846209496,4.180458188,4.088648409,4.333363473,4.551291838,4.4651106,4.688286036,4.569563642,4.403226078,4.264229909,4.349533096,4.487125203,,,
"Venezuela, RB",VEN,Current health expenditure (% of GDP),SH.XPD.CHEX.GD.ZS,,,,,,,,,,,,,,,,,,,,,,,,,,,,,,,,,,,,,,,,,7.334273309,7.850638032,7.718282193,7.507047057,6.781566888,6.055093929,8.098611236,7.783452421,6.408689916,7.545788586,6.831037998,7.177112997,6.448143721,5.594122782,5.776449665,5.128931999,3.217084333,1.181210112,,,
British Virgin Islands,VGB,Current health expenditure (% of GDP),SH.XPD.CHEX.GD.ZS,,,,,,,,,,,,,,,,,,,,,,,,,,,,,,,,,,,,,,,,,,,,,,,,,,,,,,,,,,,,,
Virgin Islands (U.S.),VIR,Current health expenditure (% of GDP),SH.XPD.CHEX.GD.ZS,,,,,,,,,,,,,,,,,,,,,,,,,,,,,,,,,,,,,,,,,,,,,,,,,,,,,,,,,,,,,
Vietnam,VNM,Current health expenditure (% of GDP),SH.XPD.CHEX.GD.ZS,,,,,,,,,,,,,,,,,,,,,,,,,,,,,,,,,,,,,,,,,4.849269614,5.728106573,4.570587352,4.655048624,4.823932797,5.096505582,5.391996726,5.462799594,5.147780478,5.293551087,5.966772139,5.87397553,6.278409809,6.335005909,5.783177167,5.652621016,5.659193546,5.532128364,,,
Vanuatu,VUT,Current health expenditure (% of GDP),SH.XPD.CHEX.GD.ZS,,,,,,,,,,,,,,,,,,,,,,,,,,,,,,,,,,,,,,,,,3.312522173,3.393388167,3.904377669,3.506919369,3.540002182,3.305516019,3.321893141,3.04855369,3.04926727,3.159089386,3.375187516,3.498279303,3.765137121,4.154136404,3.45589295,4.15773727,3.696152195,3.316853195,,,
World,WLD,Current health expenditure (% of GDP),SH.XPD.CHEX.GD.ZS,,,,,,,,,,,,,,,,,,,,,,,,,,,,,,,,,,,,,,,,,8.617628104,9.011905416,9.334608978,9.481677173,9.362673404,9.287687457,9.2076022,9.04536581,9.065464549,9.834786361,9.517210828,9.388330038,9.395438773,9.441009301,9.525011208,9.823785792,9.97845327,9.883829542,,,
Samoa,WSM,Current health expenditure (% of GDP),SH.XPD.CHEX.GD.ZS,,,,,,,,,,,,,,,,,,,,,,,,,,,,,,,,,,,,,,,,,4.396608472,3.933474422,4.640518501,4.285869375,4.648934677,4.762527719,5.018382147,4.871750996,4.657480493,5.414823815,5.494475737,5.42492196,4.824952409,6.171229482,6.227795407,5.674709752,5.532093719,5.482785776,,,
Kosovo,XKX,Current health expenditure (% of GDP),SH.XPD.CHEX.GD.ZS,,,,,,,,,,,,,,,,,,,,,,,,,,,,,,,,,,,,,,,,,,,,,,,,,,,,,,,,,,,,,
"Yemen, Rep.",YEM,Current health expenditure (% of GDP),SH.XPD.CHEX.GD.ZS,,,,,,,,,,,,,,,,,,,,,,,,,,,,,,,,,,,,,,,,,4.666065425,4.945151135,4.832372069,5.757577717,5.51440455,5.205854028,5.529298633,5.820770189,5.761910975,5.986203626,5.159331113,4.769530892,5.195936188,4.960831627,4.841804877,4.23457548,,,,,
South Africa,ZAF,Current health expenditure (% of GDP),SH.XPD.CHEX.GD.ZS,,,,,,,,,,,,,,,,,,,,,,,,,,,,,,,,,,,,,,,,,7.437419891,7.451115549,6.882899255,6.914015859,6.81142509,6.705732644,6.587062031,6.4313218,6.545768678,7.114578784,7.415351272,7.497315109,7.752555609,7.720954716,7.930148393,8.200909197,8.095827699,8.113118261,,,
Zambia,ZMB,Current health expenditure (% of GDP),SH.XPD.CHEX.GD.ZS,,,,,,,,,,,,,,,,,,,,,,,,,,,,,,,,,,,,,,,,,7.152371109,6.552484632,6.794035435,7.189994305,7.049949467,6.863322109,5.873673409,4.352649674,4.012075439,4.426804557,3.719295934,3.460532427,3.930529207,4.690910131,3.829242289,4.435102269,4.477207363,4.47034128,,,
Zimbabwe,ZWE,Current health expenditure (% of GDP),SH.XPD.CHEX.GD.ZS,,,,,,,,,,,,,,,,,,,,,,,,,,,,,,,,,,,,,,,,,,,,,,,,,,,10.66562235,7.694132626,6.479788572,6.552113593,7.869769633,7.452066243,7.652104646,6.635916233,,,
